EngineSize,Cylinders,FuelConsumption_City,FuelConsumption_Hwy,FuelConsumption_Comb,FuelType,CO2Emissions
3.496714153011233,8,10.281772493822407,7.876213432527069,9.078992963174738,D,244.550025509954
2.861735698828815,4,6.463121268874296,5.2827261541919,5.872923711533098,D,142.91439258926133
3.6476885381006925,8,10.646335428369563,8.175590599999941,9.410963014184752,E,273.27628761772337
4.523029856408026,4,9.704794827402663,7.952059960198114,8.82842739380039,D,233.51688371043568
2.765846625276664,8,9.067926996263516,7.009143183216973,8.038535089740245,D,208.24428940368514
2.7658630430508193,8,6.810593865466409,5.188004815467876,5.999299340467142,D,189.09525469944487
4.5792128155073915,6,11.027200213139434,8.452662676347881,9.739931444743657,Z,278.52251393213385
3.767434729152909,4,8.934598320676177,6.702728633305418,7.818663476990798,D,212.8270455101323
2.530525614065048,6,7.6601663285794235,6.295691248404333,6.977928788491878,Z,190.28534804866314
3.5425600435859645,4,4.255475573436701,3.5032781575002607,3.879376865468481,Z,131.4195154237702
2.5365823071875377,8,9.944970189898727,7.970827323891251,8.95789875689499,D,240.81797058576734
2.534270246429743,8,13.544503193339487,10.3769352924227,11.960719242881094,D,291.07661620251764
3.241962271566034,4,13.32251842909574,10.10320424195351,11.712861335524625,Z,279.5300426562485
1.086719755342202,6,9.085807486827456,6.831735825767709,7.958771656297582,Z,205.25542972951183
1.2750821674869672,6,8.79557587927644,6.742466976192263,7.7690214277343514,D,201.3480356433217
2.437712470759027,6,10.937548512150048,9.17753894723209,10.05754372969107,D,257.20859736107985
1.9871688796655762,6,8.003229121623416,6.195729309762747,7.099479215693082,E,181.9097882919836
3.314247332595274,8,10.603583799638931,8.328342420324905,9.465963109981917,Z,260.64670390423436
2.091975924478789,8,11.53216055676938,8.770606521673974,10.151383539221676,Z,242.1767795647929
1.5876962986647085,8,12.453866447768615,9.61732563507499,11.035596041421801,E,278.373650453937
4.465648768921554,8,9.799691847040094,7.858592964585837,8.829142405812966,Z,275.52791288361055
2.774223699513464,8,9.592652499646068,7.777485404200962,8.685068951923515,X,226.70229471318387
3.0675282046879238,6,8.244034826486878,6.385295422139698,7.314665124313288,Z,201.10930779996744
1.5752518137865432,6,8.34623929192028,6.307864110513417,7.327051701216849,E,195.5846199493037
2.4556172754748173,6,9.547042216196946,7.533602393095699,8.540322304646322,X,237.89104519194947
3.1109225897098662,6,10.734731013632356,8.302459279162282,9.518595146397319,D,246.99888266204354
1.8490064225776972,8,11.827169252466499,9.130047080358064,10.478608166412283,E,261.13972426136365
3.375698018345672,8,8.39364209863931,7.100906056956839,7.747274077798075,E,209.01323031525737
2.3993613100811952,8,12.985377137919043,10.53932227744211,11.762349707680578,D,300.27498854750456
2.708306250206723,4,9.457752797914862,7.619996463837082,8.538874630875972,E,238.2813155210241
2.398293387770603,6,9.957265411303128,7.881947364196721,8.919606387749925,Z,235.14864625235126
4.852278184508938,6,8.505576641704353,6.744024371579753,7.624800506642053,D,230.79600218609332
2.986502775262066,8,5.151519479454117,4.142287875971195,4.646903677712656,E,166.02392441454361
1.9422890710440996,6,11.768090792722099,9.645633014537458,10.706861903629779,D,263.44920874355057
3.822544912103189,6,11.473687794184867,9.410886354988252,10.44228707458656,D,268.9410468901618
1.7791563500289778,8,9.437344885763574,7.240042126502759,8.338693506133167,D,232.79823277973017
3.2088635950047553,4,10.133981434449744,8.107299410304918,9.120640422377331,X,236.75905962871173
1.0403298761202244,4,11.0318784354082,8.728375989046004,9.880127212227102,E,228.18197552508084
1.6718139511015695,4,6.874908286226915,5.754660520049122,6.3147844031380185,X,153.26016730099357
3.1968612358691235,8,8.94189464530741,7.271029131039396,8.106461888173403,E,247.1329294415069
3.7384665799954107,6,11.588529359243655,9.308490920190565,10.44851013971711,Z,283.0018960476274
3.1713682811899706,8,7.491421153661501,5.70501285158996,6.598217002625731,Z,198.1488144907413
2.8843517176117595,8,10.587115864333258,8.581532748859663,9.58432430659646,Z,270.5482518448662
2.6988963044107113,6,7.28683639075319,5.550531861569805,6.418684126161498,E,180.386937183485
1.5214780096325726,4,10.932859964867053,8.568308200639562,9.750584082753306,D,222.4064268262815
2.2801557916052912,4,9.928717035405032,7.5883615214960525,8.758539278450542,D,210.37531231026085
2.5393612290402126,8,6.7697363681889815,5.545817889914342,6.157777129051661,X,170.83846934055444
4.057122226218915,4,12.329478708914342,9.501407136306899,10.91544292261062,X,283.59550451858365
3.3436182895684614,8,8.530816846403901,6.732400689024295,7.6316087677140985,Z,207.7569094665831
1.236959844637266,8,8.379495125971237,7.0351515878296205,7.707323356900429,X,194.23162727172362
3.324083969394795,6,10.401138394461885,8.013366093845276,9.20725224415358,E,226.6300044862342
2.6149177195836835,6,12.29727469885743,9.84741786064027,11.07234627974885,E,276.7354058629049
2.3230779996940414,6,7.968356362043206,6.310357872400074,7.13935711722164,X,194.5147177386545
3.6116762888408678,8,10.123359699695943,7.610867393443755,8.867113546569849,X,250.19207168794202
4.030999522495951,6,10.857633000661146,9.003972416042863,9.930802708352005,X,258.50027244529383
3.931280119116199,4,11.386211214526288,8.618275538174359,10.002243376350323,X,247.63533118380204
2.1607824767773613,4,10.352883110554451,8.255653012592633,9.304268061573541,Z,232.33688463471017
2.6907876241487854,8,9.265944321833356,7.4689796277114935,8.367461974772425,Z,228.75159641985147
3.331263431403564,8,8.34481955870256,6.783025207663276,7.563922383182918,X,227.75466519305547
3.975545127122359,6,10.172287766092749,8.329711734384864,9.250999750238806,E,245.92295941475749
2.52082576215471,8,7.855721976028786,6.090755224937648,6.973238600483217,Z,206.48365705892223
2.814341023336183,8,4.157299033010785,3.1221227506133693,3.6397108918120775,E,153.97040844276404
1.8936650259939718,4,10.873119608315335,8.941448653302766,9.90728413080905,D,242.94399088004852
1.8037933759193292,4,11.80786968217239,9.488398593578475,10.648134137875433,E,246.87647833453713
3.812525822394198,6,5.274135128916323,4.396581121726661,4.835358125321492,X,167.4044104339311
4.356240028570823,8,7.9805385905801245,6.640916095733336,7.31072734315673,D,227.3702954035407
2.927989878419666,8,11.238308522010396,9.376487357336291,10.307397939673344,Z,275.5066594246108
4.003532897892024,4,14.114990939423397,11.270953877604937,12.692972408514166,Z,310.6386666277185
3.361636025047634,8,10.041587415350817,7.8662064316170275,8.953896923483923,D,251.05094666130088
2.3548802453948756,4,8.54399411754173,7.084302450819554,7.814148284180643,E,201.95270166830338
3.361395605508414,6,9.63420711779032,7.660441433939071,8.647324275864696,Z,226.62685457655857
4.538036566465969,4,12.74975283829637,9.796198895148079,11.272975866722224,X,280.68109472920435
2.9641739608900486,8,8.70807164175093,7.275571232730905,7.991821437240917,D,215.5927428154067
4.564643655814006,6,8.401615986699493,7.0427049070156285,7.722160446857561,X,214.08693445025418
1.0,4,9.034512955635936,7.197172870045732,8.115842912840833,D,180.14403133461187
3.821902504375224,4,8.093342783482575,6.131273471785358,7.112308127633966,Z,202.05981266447287
3.087047068238171,6,10.245340631989592,8.081346513709352,9.163343572849472,E,235.20946698445232
2.7009926495341325,6,13.24935691693912,11.001653412346531,12.125505164642826,D,304.6561744305088
3.0917607765355024,4,10.646158546232058,8.944661837751799,9.795410191991929,D,247.17294909271922
1.0124310853991072,8,9.495292995747425,7.314673077476863,8.404983036612144,X,198.5389294518534
2.780328112162488,4,9.416377462168912,7.125347977710165,8.270862719939538,Z,219.77029136263255
3.3571125715117462,6,6.873618382606686,5.758271007219233,6.315944694912959,X,197.99800606929372
4.477894044741516,4,11.766219554294318,9.282847066475941,10.52453331038513,Z,265.33097990676924
2.4817297817263526,6,9.844325605974396,7.916571337766452,8.880448471870423,X,236.6281826836219
2.1915063971068123,6,9.63904017281875,8.16240265484303,8.90072141383089,D,221.36450987359396
2.4982429564154636,8,16.38621513568972,12.3987357469724,14.392475441331062,X,353.8086421582592
3.915402117702074,6,10.597505816731372,8.635184748055057,9.616345282393215,E,248.8359427553354
3.3287511096596845,6,8.496417899809632,6.43527648874103,7.465847194275331,Z,194.6733904567577
2.470239796232961,8,9.147284807588914,7.203915728200016,8.175600267894465,Z,224.38623142408926
3.513267433113356,6,12.29689141839351,10.21111058207205,11.25400100023278,D,288.97540487304076
3.0970775493480405,8,10.22654082107553,8.11319776411447,9.169869292595,Z,250.39136440923434
3.9686449905328893,8,7.123444043365266,6.052920302429842,6.588182172897554,E,199.60978778105437
2.2979469061226476,6,11.838457869150407,9.540683380982575,10.68957062506649,X,262.7718909412449
2.6723378534022317,6,8.663711828922011,6.776029505770925,7.719870667346468,D,213.81373940675903
2.6078918468678425,4,13.74659555243509,10.612524801698605,12.179560177066847,E,289.22119170879
1.5364850518678814,8,12.160096131429297,9.54630843786794,10.853202284648619,Z,274.2539065176433
3.296120277064576,4,9.105356208682498,7.168221972228608,8.136789090455553,Z,208.99583257521448
3.261055272179889,6,12.562032723470226,9.507842889414508,11.034937806442368,E,295.02648799780786
3.005113456642461,4,10.135711021054806,7.97637299441385,9.056042007734328,X,219.41024135556336
2.765412866624853,8,11.705547350244439,9.322577110144818,10.514062230194629,X,282.8109762410083
1.5846292579495858,4,10.96946563458895,9.019903919542076,9.994684777065512,D,247.55889905040573
2.579354677234641,8,8.307286690018254,6.776029028250726,7.54165785913449,Z,221.43578488252518
2.6572854834732307,6,8.712900335365076,7.152215703037942,7.932558019201508,E,213.19877294811417
2.197722730778381,6,12.059921635162322,9.055027761173374,10.557474698167848,X,257.84375080451105
2.838714288333991,8,9.330449335786918,7.200930466224056,8.265689901005487,D,244.06181741391222
3.4040508568145382,6,9.192703073516007,7.502794024304067,8.347748548910037,Z,216.76573029372938
4.88618590121053,6,8.089754841301295,6.458851664413017,7.274303252857155,Z,214.64668146545196
3.174577812831839,6,10.847198131186921,8.14116223072417,9.494180180955546,D,247.6538040925121
3.2575503907227645,6,14.12504983848629,11.730140070779187,12.927594954632738,D,333.5039405750024
2.925554084233833,8,7.864934171491454,6.5065102707212805,7.185722221106367,X,216.76766162487462
1.0812287847009585,4,10.048438913345516,8.087404830834027,9.067921872089771,E,202.49026770370253
2.9734861245507833,4,12.824441110830858,9.70356633386792,11.26400372234939,Z,271.91185863864655
3.0602302099410266,6,9.840717217508569,8.1348436976729,8.987780457590734,E,234.214679810262
5.463242112485286,4,10.904743592499468,8.815082394941447,9.859912993720457,Z,264.7327910769266
2.8076390352188776,4,7.875212943706241,6.52221984113714,7.198716392421691,Z,201.83961378619037
3.3015473423336124,6,10.856614194415297,8.958603352636842,9.90760877352607,E,247.45021760122245
2.9652882302947567,6,9.625711469990902,7.9922302279402775,8.80897084896559,D,251.92010783960308
1.831321962380468,4,11.971459991359726,9.598726277736253,10.785093134547989,X,262.2973792166107
4.1428228145150205,8,12.374772103129501,9.454727470659746,10.914749786894625,Z,310.6318405890797
3.7519330326867744,6,15.179127284037229,12.403103934634235,13.791115609335732,D,338.7122473933298
3.791031947043047,8,11.15926634642715,9.061852982657436,10.110559664542293,Z,278.62210557048525
2.090612545205261,4,10.651592633164332,8.779312332944503,9.715452483054417,X,220.88365696789384
4.402794310936099,6,10.388768603154672,7.968061898559224,9.178415250856947,Z,252.3496240558319
1.5981489372077191,8,9.293667414378623,7.151454026976495,8.22256072067756,X,225.36925226205992
3.5868570938002704,6,10.676967686923382,8.958413129540517,9.81769040823195,X,275.18300972045574
5.190455625809978,4,9.409197179721941,7.762566783396385,8.585881981559163,Z,232.5506277212585
2.0094636748693118,8,10.336921952539228,8.69152016468121,9.514221058610218,Z,246.72399855104482
2.433702270397228,4,12.63519507121592,10.435047912054577,11.535121491635248,X,273.526460334352
3.099651365087641,4,7.986914869440717,6.467129011358475,7.227021940399596,D,181.57906043694348
2.4965243458838007,6,12.27975712225809,10.013076955335588,11.146417038796839,E,283.80707665235883
1.4493365689338673,8,12.634230134679731,10.599017282032609,11.616623708356169,X,279.58593653903597
3.0685629748060275,4,9.763862946017843,7.88803619184178,8.825949568929811,Z,225.25071761488627
1.9376962862738951,4,5.756290201982811,4.681240449892151,5.218765325937481,Z,139.23277566236982
3.4735924306351817,8,8.784356025811135,6.725721737670888,7.755038881741012,D,221.9433168839753
2.0805757657661967,4,12.593989093122218,10.0423476875558,11.31816839033901,E,267.0986756096366
4.54993440501754,4,9.954263875402235,8.178818495752376,9.066541185577305,X,244.67407197604126
2.216746707663763,8,8.001395535410179,6.21783862122369,7.109617078316934,X,200.64122982018964
2.6779384837943243,8,8.990450157543565,6.924673231073738,7.957561694308652,E,218.64600250731286
3.81351721736967,8,11.681240053009105,9.127518667950733,10.404379360479918,X,289.4180060911246
1.7691356835660448,8,11.093467136402758,8.588008280307982,9.84073770835537,E,271.0422836876907
3.2274599346041293,6,9.522135801660612,7.346244582780815,8.434190192220713,Z,232.35727551884682
4.307142754282428,8,9.266351176370625,7.343445093037243,8.304898134703933,E,259.1305723860142
1.3925167654387725,6,9.216483701912356,7.74907066315186,8.482777182532107,X,199.67849205349523
3.184633858532304,6,8.155179631002994,6.529900973530962,7.342540302266978,E,210.27475902360032
3.2598827942484236,6,13.230751378938884,10.171696317964468,11.701223848451676,D,285.6496217218071
3.7818228717773104,4,9.355359061577321,7.0885290566457,8.221944059111511,Z,207.4878606246843
1.763049289121918,6,12.434317041650992,10.1913604031521,11.312838722401546,Z,266.49355326465974
1.6795433869157237,6,13.042632103844902,10.281244423318695,11.6619382635818,E,291.953192484929
3.5219415656168978,4,11.996621796295921,9.983385851889583,10.990003824092753,X,284.51965042472045
3.2969846732331862,4,9.136759374563903,7.455148650723367,8.295954012643636,D,221.31897420574856
3.2504928503458768,4,10.80746018067322,8.966129912597648,9.886795046635434,Z,234.91382383726815
3.346448209496976,8,9.951608787218168,7.734336649966208,8.842972718592188,Z,248.36112995293414
2.3199752784215093,4,8.192596278539744,6.711668922061634,7.452132600300689,X,195.25940487924623
3.2322536971610036,4,10.648718563443206,8.26773109841317,9.458224830928188,X,243.24239588595975
3.293072473298681,6,7.641920417680395,6.449068971931423,7.0454946948059085,D,185.40268279429753
2.285648581973632,4,12.375358776923127,10.069055087730565,11.222206932326845,E,258.3974459860745
4.865774511144757,8,9.070765405403215,7.097431095119973,8.084098250261594,X,249.69893247519227
3.4738329209117875,4,10.402319311745678,8.082094328796003,9.242206820270841,E,244.94537470970656
1.8086965027973514,8,10.566575743092285,8.12667582957216,9.346625786332222,D,223.0582025436185
3.6565536086338297,4,9.482190052591845,7.77031429849838,8.626252175545112,E,227.46933984244197
2.0253183297726784,4,11.17338760295055,8.624420134097189,9.89890386852387,Z,239.66174836699375
3.787084603742452,4,9.05019268675495,7.3264054414360436,8.188299064095498,E,230.1329472044966
4.158595579007404,4,11.742594594914488,9.117696129865742,10.430145362390114,D,277.1174388802507
2.1793176816482895,8,7.308040639506503,5.9648000746943595,6.636420357100431,D,200.34729714657956
3.9633761292443217,8,10.252759159092824,8.525107445909882,9.388933302501353,D,259.413022275451
3.4127809269364984,6,13.87785799811657,11.488125882918588,12.682991940517578,E,298.7076267084835
3.82206015999449,8,7.999337350788851,6.6081336600828395,7.303735505435846,Z,220.3647841380478
4.896792982653947,4,8.644510058950297,6.645659366642425,7.645084712796361,X,231.8859423345523
2.7546118839971294,6,11.02781569931783,8.368331065082298,9.698073382200064,Z,265.44213175921686
2.2462638356425106,6,10.359163563879196,8.493425196617656,9.426294380248425,E,248.09401698437145
2.1104855703744767,6,10.701260198547118,8.42012308673266,9.560691642639888,E,246.61209678455987
2.1841897150345617,4,10.978374260295327,8.708426563569727,9.843400411932528,X,242.50630187285583
2.922898290585896,8,11.26944293712354,8.487185495220483,9.878314216172011,E,261.2340797616914
3.341151974816644,4,12.219399683912446,9.4817366011566,10.850568142534524,D,269.12227966332074
3.276690799330019,6,10.819637313857026,8.151164632988436,9.485400973422731,D,269.1656227200181
3.8271832490360236,4,9.517484690762915,7.97487723117908,8.746180960970998,D,223.76987165186142
3.013001891877907,4,11.345147402405463,8.78499767664118,10.065072539523321,D,267.579257616344
4.453534077157316,8,13.799763869790432,11.11893503593931,12.45934945286487,D,330.50204828395
2.735343166762044,8,9.734732507234853,7.338994706421123,8.536863606827987,E,251.34502489513096
5.720169166589619,6,8.050941390658718,6.575080969385589,7.313011180022153,X,219.39376517136387
3.625667347765006,4,12.214161338573945,9.555171815711638,10.884666577142792,X,279.80904703215236
2.1428424435837172,4,9.759237672092803,8.195728929654821,8.977483300873812,D,213.6103890938372
1.9291075019388877,8,5.654660907971928,4.743196401441357,5.198928654706642,E,149.11697619427986
3.482472415243185,4,11.694843354300843,9.151554798362062,10.423199076331453,Z,265.47404610317045
2.776537214674149,4,8.929343628092155,7.501506664378505,8.21542514623533,Z,222.16859295740778
3.714000494092092,4,9.818933435391678,8.342320665267673,9.080627050329674,E,230.30313156157945
3.473237624573545,8,10.663960661138029,8.87819051298401,9.77107558706102,D,255.16372838237183
2.9271710873431274,6,10.380999359558134,8.662810411664205,9.52190488561117,X,248.79136094230515
2.153206281931595,6,11.41890363427808,8.848518401880867,10.133711018079474,E,253.3319298931336
1.4851527753141354,4,9.129027258860313,7.373243636087493,8.251135447473903,Z,205.35743297816438
2.5534850479329787,6,11.026211596352166,8.34381649111515,9.68501404373366,Z,258.73107706764785
3.8563987943234723,8,9.480906644832165,7.200670793416758,8.340788719124461,Z,244.78561051299903
3.2140937441302038,8,11.477620961775006,9.754706799574803,10.616163880674904,D,303.01924820274274
1.754261221288012,6,11.230734968026107,8.789891110065318,10.010313039045712,Z,249.9912204391473
3.173180925851182,6,8.12912259591081,6.705049821466429,7.41708620868862,E,206.60926837221518
3.385317379728837,4,12.171964232350064,10.110842991555465,11.141403611952764,E,260.5655724453154
2.116142563798867,6,8.928073109771905,7.462104281672746,8.195088695722326,Z,212.43660434927352
3.153725105945528,4,11.61611559656229,9.870943259924225,10.743529428243257,E,263.0439701702091
3.058208718446,4,10.734574626802681,8.31016717441205,9.522370900607367,Z,250.63255315942206
1.857029702169377,8,13.676367353590244,10.31246078830812,11.994414070949183,Z,303.08341468134597
3.3577873603482833,8,9.553068035256295,7.557615081134481,8.555341558195387,X,232.8910135510644
3.5607845263682343,8,9.301366407763606,7.09701760308734,8.199192005425473,D,241.3142292363022
4.083051243175277,8,9.961160788224534,7.493209379944614,8.727185084084574,D,262.0895258307348
4.053802052034903,6,9.393640434331449,7.383802327453991,8.38872138089272,X,253.59276173208175
1.622330632042909,8,11.5998838038841,9.609040117426284,10.604461960655193,X,277.1875852076735
2.062174960084877,6,6.767378783126825,5.458690007066381,6.113034395096603,D,180.49090404589563
3.5150352672086598,8,7.892635161707291,6.166340626825443,7.029487894266367,Z,216.3409705035656
3.513785950912209,6,7.864394156841614,6.412895962088507,7.138645059465061,Z,211.7938807526578
3.515047686306048,4,11.900615183947151,9.201577295913845,10.551096239930498,D,278.66745066873204
6.5,6,13.42122674516385,10.085221723738567,11.753224234451208,Z,316.7367107142277
3.570890510693167,6,9.791101562925057,8.09171233585027,8.941406949387662,X,241.04265082251536
4.135565640180599,8,9.66235655361998,7.849450223596074,8.755903388608026,Z,248.7480366864041
3.9540017634932023,6,10.140104326226362,8.378061058729362,9.259082692477861,Z,258.5132026717505
3.651391251305798,4,12.323756605216381,9.29080371794715,10.807280161581765,E,284.9617375012012
2.6847307553596544,4,8.145293731618851,6.790828824432549,7.468061278025701,E,190.23879024689984
3.7589692204932676,8,10.476737965469571,8.506614840154521,9.491676402812047,E,243.5201765864792
2.227174785462428,4,11.950395259564859,9.636076157515365,10.793235708540113,Z,254.0142545751818
2.763181393259991,6,11.002188339879691,8.938853394618842,9.970520867249267,D,266.1769685977593
2.5146364521708966,4,10.379163233197486,8.681581802243079,9.530372517720282,X,241.1301139056134
3.0818741393863225,8,12.002092185134282,9.706015744704779,10.85405396491953,Z,292.1816831703596
5.314658566673509,6,4.593535414001526,3.712013174880543,4.152774294441034,D,163.40213853681095
1.132734807408252,8,11.355750639061815,9.641803526391842,10.498777082726829,Z,248.51258236642124
3.6862601903745134,6,8.691848633745153,7.176624882183732,7.934236757964442,X,230.70028027927864
1.3872841288103483,4,6.338734206287086,5.034408942099514,5.6865715741933,Z,139.26145467162323
2.5280681342105664,8,11.022405199049961,9.046525536383,10.03446536771648,X,287.8109560302398
4.088950596967366,8,12.747317090325915,10.05665224213167,11.401984666228792,Z,314.6342713777946
3.0642800190954627,6,9.725102970744617,7.516410972071345,8.620756971407982,X,227.25145659357477
1.9222552220706939,8,11.905749094405877,9.639908690079498,10.772828892242687,Z,268.56527759167443
2.284696290740032,6,13.22455651597729,11.145897048345601,12.185226782161447,X,295.6220564844934
3.679597748934676,6,12.629828907168095,10.64585899724443,11.637843952206262,E,297.1578373132545
2.2696333682828636,6,13.279929058742786,10.413994577862152,11.846961818302468,Z,300.8039078041775
3.216458589581975,6,11.484254982143785,9.219189493649989,10.351722237896887,Z,271.063192351198
3.045571839903814,4,10.150867277803185,7.827979250112516,8.98942326395785,D,222.92786628910986
2.348399652394183,6,6.796068376205663,5.77368899191744,6.284878684061551,D,198.0859770567307
5.143944089325325,8,9.507875023740104,8.063740912961247,8.785807968350674,X,267.64868357546897
3.633919022318011,4,8.313506809367617,6.775099798012507,7.544303303690062,Z,214.9136530566703
1.0,8,14.341885434995628,11.910095504866126,13.125990469930876,X,306.43754432416995
3.1864543147694278,4,9.648228375135327,7.926116248067618,8.787172311601473,E,231.23914565716896
2.338213535231612,6,10.246409613568972,8.292581417970075,9.269495515769524,D,241.88314557913853
3.852433334796224,4,11.102970752080935,8.386460189085684,9.744715470583309,X,234.5221498386669
2.2074792615672996,4,10.087204892744907,8.024133779682993,9.055669336213949,X,243.3409304445584
2.885263558533101,8,13.390102080861507,10.946122307524998,12.168112194193252,D,325.12132407842154
3.5049872789804573,8,8.754701276531096,7.159184645894088,7.956942961212592,Z,230.21677885259652
3.8657551941701214,6,10.389214910474486,8.179556289930776,9.284385600202631,X,243.3225665411953
1.7997035929442238,4,8.515058828603904,7.188150387934729,7.851604608269316,D,198.50474423286406
2.6654987641590515,4,7.359954977558589,5.643140255412995,6.501547616485792,Z,177.5529169654503
2.525054688839044,4,8.776461818189428,7.021484921150199,7.898973369669814,E,206.786703767419
2.3466707674262883,6,9.925926405903176,8.130211155053502,9.028068780478339,D,235.94385724577054
4.765454240281096,6,9.14139555096548,7.493326078663922,8.317360814814702,X,249.06416859216426
3.4049817109609557,6,8.615158040252288,7.020181242551987,7.817669641402137,E,234.87626693157037
1.7391160456649548,6,7.187365072656332,5.588383493520035,6.387874283088184,Z,180.8296781696997
3.917861947054776,6,9.833788854742611,7.528951882475767,8.681370368609189,Z,232.3094718536321
5.122156197012633,8,6.990559251937995,5.68747729249139,6.339018272214693,D,231.62755594154473
4.032465260551147,4,11.520111927379205,9.330486691158557,10.42529930926888,D,285.23678442577193
1.4806300340459866,4,10.164879505869006,7.805972852726108,8.985426179297557,D,246.03539127153184
2.5157659271337485,4,7.084897001070139,5.813256572581609,6.449076786825874,Z,162.90425467545896
4.2669111491866225,4,9.381581845900273,7.463209713866279,8.422395779883276,E,233.5458472210345
2.292330534381219,4,8.495687188818835,6.9390739019422245,7.7173805453805295,Z,176.44992921953292
3.443819428146228,4,10.63834902083836,8.869582090944276,9.753965555891318,X,255.04899696308073
3.7746340534293368,4,12.680900892046289,9.725906607169389,11.203403749607839,Z,276.3324125447824
2.073069528421917,4,6.249655060708511,4.699206177647686,5.474430619178099,X,169.4537656160307
2.9404746439382,8,10.230052158294834,8.469565128270256,9.349808643282545,E,248.65476960484705
1.0,4,9.67973440886672,7.849971721174762,8.764853065020741,D,188.4052309207422
1.9756123586657102,8,11.34268015290093,9.300588900729396,10.321634526815163,D,261.4761767159352
2.7474318486068396,6,10.426393256475379,8.693688280266821,9.560040768371099,Z,228.920256141319
1.7522168180351505,4,8.496061336522361,7.054119096781752,7.775090216652057,D,200.53496705846575
4.632411303931635,6,9.361892128666764,7.921022172481099,8.641457150573931,E,228.50242558823174
1.5698586220393673,6,8.407948286393022,6.7565726575800245,7.582260471986523,D,197.62837147195575
2.559955513303016,6,12.152014277197196,9.707631298141061,10.929822787669128,Z,253.41789268785072
3.1307405772860912,8,10.042623297343884,7.935567648660608,8.989095473002246,E,247.8863371875394
4.441273289066116,6,13.802381371506016,10.56391626730153,12.183148819403772,X,334.50949083678194
1.5641378488205606,6,9.878678372370759,7.974669048011539,8.92667371019115,Z,227.78133160638657
4.16316375215496,6,8.583186466179075,6.675154864609991,7.629170665394533,X,215.5801147797909
3.010233061019587,4,6.972571214774346,5.871816635041915,6.422193924908131,E,178.23417421896764
2.018491348952049,4,6.393720647488109,5.1681663942892495,5.7809435208886795,Z,155.98395262773855
3.462103474263271,8,6.831728113989021,5.528808378319724,6.180268246154372,Z,202.9527031241542
3.19905969557347,8,10.534253302022966,8.274576604598527,9.404414953310747,E,246.41031238914135
2.3997831228412054,4,11.017450046459867,8.320366543681121,9.668908295070494,D,243.30166986829525
3.0698020849900187,8,6.837618595935734,5.1499191229937376,5.993768859464735,Z,163.52948172316715
2.61468640313824,4,11.790076628152232,9.34167285000978,10.565874739081007,Z,251.16551328936444
3.113517345251248,6,9.033877896633122,6.8518037524761475,7.942840824554635,X,215.10925151908972
3.6621306745210465,6,10.293586023971098,8.344852652002062,9.319219337986581,D,259.33896176565446
4.586016816145352,8,13.224441256510849,11.08336851854848,12.153904887529665,X,329.1645744388155
1.762184501173151,4,11.793678631731064,9.886540334319857,10.840109483025461,X,240.36840413367787
5.133033374656266,4,9.462938704188335,7.720854660077049,8.591896682132692,D,233.31833613104635
1.0479122004774981,8,8.217615549169425,6.336793860156218,7.277204704662822,D,198.0100161935055
2.8482149049644168,4,5.69636919734139,4.763871754761633,5.230120476051511,E,152.29388515202885
3.5883172064845765,6,8.56169336151516,7.179916049416694,7.870804705465927,D,217.50802507780685
3.2809918677350325,8,9.577739522344611,7.3716543230399285,8.47469692269227,Z,237.49551923607595
2.3773004801794064,8,8.025640945697631,6.611062408111891,7.318351676904761,D,217.1017183114822
2.7918777496427247,4,9.737486065815391,7.5821125608877,8.659799313351545,E,215.937838034766
2.506999065341167,8,10.153703765917536,8.430255020659668,9.291979393288603,E,250.028666078893
2.4106352430557885,4,9.550288036383844,8.115106945775675,8.83269749107976,E,242.45966813295848
3.8496020970210245,4,8.699994838353081,6.551118737903019,7.62555678812805,D,196.77033036393203
3.3570154859650474,4,10.337309343933455,8.680616862886843,9.50896310341015,D,225.2309896121069
2.3070904047393457,4,10.883881299138817,8.840574656444838,9.862227977791829,X,248.15136025121612
3.8995998754332506,4,7.819201845114308,6.6255089010133075,7.222355373063808,X,196.65667560266763
3.3072995208766094,8,12.82186475949254,10.212627484179478,11.51724612183601,Z,300.23554236806007
3.81286211883896,6,9.802823735431476,8.18279725346593,8.992810494448703,X,240.1732672960525
3.629628841923612,6,10.037699245889696,7.590903723948964,8.81430148491933,Z,239.9843167099476
2.171004989077928,8,11.416428846513114,8.945090576779371,10.180759711646242,E,281.31062524466756
2.4398189598030307,8,10.466432262527004,7.919966602179465,9.193199432353234,X,256.28346283127615
3.7472936051232617,6,11.90627326782649,10.090975138579866,10.998624203203178,D,296.06765523416595
3.610370265433465,6,10.574248330403648,8.794574745297993,9.68441153785082,X,245.6296628534246
2.979098406035852,6,8.775125250719125,7.329464978400442,8.052295114559783,Z,209.3253489860255
3.117327383308782,6,10.723007050412203,9.048036066779868,9.885521558596036,X,230.4929184101543
4.2776648957884245,6,7.712547585358676,5.850047157656882,6.78129737150778,E,200.30878817721228
2.40842861116417,4,10.217119411553046,8.056809223416394,9.13696431748472,D,236.39060432519267
3.5470973811700377,8,9.933540018711078,7.520717805337638,8.727128912024359,Z,255.18301720967125
2.797807347566106,4,9.58376628545492,7.389843896075354,8.486805090765138,D,215.4990426614426
2.78231879677278,6,9.742924977122138,7.53066308864134,8.636794032881738,D,230.33606578818203
4.09877685198719,6,6.236301909004721,4.969775851331931,5.6030388801683255,Z,176.15969069748436
3.8254163489880297,6,8.902550184518077,6.916001455730457,7.909275820124267,D,228.48726871638348
3.8135096360006386,4,10.18568980228223,7.742120518998416,8.963905160640323,D,245.071982367619
4.305478807154329,4,10.3197127839948,7.912630581329068,9.116171682661934,X,229.21935385067724
3.021003841632759,6,7.944649718148083,6.075492565057484,7.010071141602784,D,203.40793812675673
3.681952971294964,4,12.531415681729401,10.61796474578557,11.574690213757485,D,297.63768269764597
2.689733243406544,4,8.267650303571,6.82849422021062,7.548072261890809,D,193.70777478224792
3.324166352488442,6,11.938914401053474,10.109587930239243,11.024251165646358,D,290.73369295901745
2.8698569456323155,4,10.85438872374337,8.618102960620012,9.736245842181692,Z,271.5700307446825
3.0969959649927183,8,8.707545380312395,6.77304965388692,7.740297517099657,E,224.7324820620514
3.5951570254369134,8,13.550621785219024,11.244703257823764,12.397662521521394,X,327.83789118485026
2.1817793167665274,8,7.6127263364870394,5.9579129317906725,6.785319634138856,D,190.14361501382848
5.092387275685461,8,11.838308347220003,9.233150529610494,10.535729438415249,D,303.4509731511801
1.993982618500298,6,12.001164636085957,9.279907746200736,10.640536191143347,Z,267.353266257693
1.7858113872122678,6,8.65875958184671,6.606355595911351,7.63255758887903,E,202.45768905240467
4.158110873500068,6,12.784930600128657,9.916584193756085,11.35075739694237,D,288.3993034767595
3.7916626939629356,8,9.499906970802094,7.462480683640644,8.481193827221368,Z,249.60412119731123
3.624119817052155,8,10.577387258559714,8.645950218878156,9.611668738718935,X,283.09653233207666
3.62834550926428,4,10.520643677542441,7.956304999330082,9.238474338436262,X,245.5392995065133
2.9877532271530853,4,9.731382517058904,7.503389243032067,8.617385880045486,D,231.845121763159
2.1027456285141684,8,11.621616546319565,9.656428662177417,10.639022604248492,D,271.43778866998525
3.0758045581937266,8,11.586977441104427,8.860471182245202,10.223724311674815,E,282.73153420967066
2.322838288487888,8,6.502936053523639,5.100021987831348,5.801479020677494,E,182.05064168059403
3.9751197334177513,8,12.608680485756306,10.546731171804012,11.577705828780159,D,301.79620661290835
2.8529426184978615,4,6.675016023928651,5.10967491138595,5.8923454676573,Z,169.56154558611334
2.1745028032074885,8,12.065092408683315,9.148642063246037,10.606867235964675,E,263.9654061169653
2.6786141583470067,4,12.253410273655167,9.783781989930343,11.018596131792755,D,260.82926147047726
3.412931454275624,8,7.818067139569603,6.0999839590263445,6.959025549297974,E,215.20310860163946
2.4362754471960253,8,9.17837142409083,7.400895691335358,8.289633557713094,D,233.12786836002337
2.1777796044335687,8,7.7885906630281285,6.467493723762691,7.12804219339541,X,192.4463152614726
3.2436872114919124,4,9.57015793942253,7.308871723844374,8.439514831633451,D,231.76702645941694
3.2449665711087228,4,9.383931431628518,7.582872612908075,8.483402022268297,X,227.83776893945787
2.4930568246288702,6,11.559321064538679,9.253824604632348,10.406572834585514,E,256.0147405818902
2.5289616943816773,8,12.620617492239216,9.64729944388129,11.133958468060253,D,272.5929383405301
3.2320499373576363,6,12.791367621579912,10.391705118555967,11.591536370067939,E,292.70218098412084
1.5519156585026759,6,8.875663946843396,6.8996219992531485,7.887642973048273,X,198.8125789073806
1.5925362256234448,4,9.581556252510945,7.653588385886688,8.617572319198816,D,209.408213210741
2.281555778747564,4,6.6331236155581,5.029414961375478,5.831269288466789,E,155.80977694525575
2.786552848288153,6,8.388259867007623,6.6767059505198745,7.532482908763749,X,188.4406180507064
3.3109075655980047,8,11.929703266194915,9.312879273214172,10.621291269704543,E,281.65143166705934
4.475356216949552,4,13.231165647096464,11.011480438347673,12.121323042722068,Z,304.12383191325375
3.8576596232020193,8,7.531302256240156,5.6913890936994145,6.611345674969785,X,217.14011997915648
2.8400614700365727,8,8.815071481694211,6.980308916386888,7.89769019904055,X,219.37242193506626
2.980983792097311,6,9.947188486082146,7.916401742939457,8.931795114510802,X,255.23248694491483
1.9974706353621912,6,10.560322317639214,8.685871523025972,9.623096920332593,D,223.3202392537562
2.98148686400761,6,8.380792960156707,6.766893246759682,7.573843103458195,D,224.40340568726623
2.7113413610798616,6,10.848122088928179,8.859891656008292,9.854006872468236,D,251.95036135138227
3.3227185603380893,4,9.052321305858168,7.492650959814353,8.27248613283626,Z,227.27275698354165
2.172769056447677,4,9.971095458243441,8.338032409155296,9.154563933699368,Z,225.61698407905146
3.5193465142411724,6,11.092568496007399,8.667594916666783,9.88008170633709,X,274.19065462940824
4.532738913002578,4,10.012844539621875,8.04834717547596,9.030595857548917,Z,242.065686635476
2.8912398515431423,6,9.127228218946863,7.612206980259696,8.36971759960328,E,215.32054625571888
3.4017117220989412,8,9.780780392148339,8.303345716184456,9.042063054166398,X,269.063421177028
3.6901439917111123,8,9.823274081589329,8.241254760516936,9.032264421053132,X,256.41192187935235
2.598779528114164,8,9.259977940235744,7.288961320918957,8.27446963057735,E,233.69277262893075
3.2240924818104166,6,9.482407874665796,7.29687075797387,8.389639316319833,X,242.38123028494877
3.012592400781795,8,13.197294341009433,10.543836492201898,11.870565416605665,Z,297.21767991898685
3.0976760985488316,4,11.121838895882478,9.166220846494742,10.14402987118861,D,259.81226738565306
2.2269902161445336,8,9.409039363941679,7.520239700574053,8.464639532257866,E,225.66374524197374
3.0245101742589426,8,11.393908809021472,9.095963476252123,10.244936142636798,Z,273.82213103888165
3.49799829124545,8,9.33236102048798,7.781537656155087,8.556949338321534,E,246.84175933272803
4.451143607795042,4,12.346249275173282,9.705885070915276,11.026067173044279,E,270.0305609243666
3.959270826085207,6,10.739284384396187,8.977821240796311,9.85855281259625,X,258.9753940845727
5.153182457511557,4,9.785395711991542,7.7371213794787135,8.761258545735128,X,260.2677244139495
2.2326524371119505,6,10.895433851620556,8.52919959779845,9.712316724709503,Z,255.43477075115752
3.872320636720678,6,6.858247695863001,5.455043298140289,6.156645497001645,E,191.22972053396734
3.1833420057383517,8,7.746465062180389,6.4004756693493485,7.073470365764869,X,215.7340619578098
5.189802933217672,6,7.612149987201889,5.805027123880648,6.708588555541269,X,213.1273753866375
2.1917017146448483,4,10.285886189527414,7.916449212135139,9.101167700831276,E,237.50620502135382
2.160278157819224,4,13.465029998970184,11.379895811219486,12.422462905094836,Z,288.0485139021473
2.400607354555978,6,14.462600292385265,11.100756745436627,12.781678518910946,Z,311.9580648451272
1.0,8,11.276102202881514,9.097251778196974,10.186676990539244,E,265.1938412522055
2.474244978319239,8,11.001688949888914,8.888610469055228,9.945149709472071,Z,255.87172912417475
2.240867338446302,4,6.3978845316945225,5.111669475979943,5.754777003837233,X,173.09210530617662
3.1503937864762075,8,8.914652400531956,7.260757278194658,8.087704839363308,E,217.9534205545945
3.3417559757771595,6,8.424432496183522,6.511940345867734,7.468186421025628,X,229.07770948941214
4.876170839215886,6,8.758304803497769,7.052767062081433,7.905535932789601,D,233.14567120843117
3.95042383818605,4,9.66371236283042,7.607441800907243,8.635577081868831,D,229.7887925409843
2.423096344337597,6,9.055818844605746,7.391058017315174,8.22343843096046,Z,199.79963035075573
2.101585328651642,4,6.041400379248424,4.616369081285653,5.328884730267038,D,143.04560071808027
3.4919191715065057,6,11.495820512235067,9.278135816023802,10.386978164129435,X,262.26068968738485
1.6797667929793578,4,7.8545139485203865,6.036406320450855,6.945460134485621,D,169.63040716577126
4.831458765854354,8,10.478493728222299,8.15084625509308,9.31466999165769,X,273.2348778338085
4.179440120721287,6,14.148165339499947,10.920558246259668,12.534361792879807,Z,332.059553209538
2.530824347895295,6,8.161230816827153,6.27014124497493,7.2156860309010415,Z,201.69799761098005
1.2868654709091225,4,4.9394249545073405,4.112422443815381,4.5259236991613605,X,126.46389522632958
4.353872374165412,4,9.427991556239778,7.340358520725902,8.38417503848284,D,220.2670306228553
2.885460154747382,6,12.201919269997141,10.282708406458301,11.242313838227721,Z,274.8933374160009
4.237816311973462,4,13.916694908441187,11.787338335014237,12.852016621727712,E,337.40574573780196
1.405572341205633,6,7.540900811095167,6.086457462430901,6.813679136763033,Z,172.97729579968453
2.400624977046227,8,10.993398446473044,8.402255666830513,9.697827056651779,D,274.5248734240708
3.005243699718183,4,9.069379086439893,7.141726315366877,8.105552700903385,E,209.73287902644086
3.046980593764742,6,9.788103291391728,8.1219060477966,8.955004669594164,D,239.5927786909657
2.5499345285207564,8,15.28868669403407,12.02820719505979,13.658446944546931,X,349.3719357784455
3.6228499323474987,8,6.994059343209694,5.306404866276344,6.150232104743019,E,211.95206563772192
1.9323795706174056,6,10.507479322989147,8.465650086134888,9.486564704562017,D,237.94696419462352
2.8576205149787066,4,10.935386343530867,9.125712059456442,10.030549201493654,E,245.30475864444477
3.120295631711899,6,12.171572649878694,10.097447071916282,11.134509860897488,D,283.3339490498466
3.514438834058749,8,10.195966306941791,7.825529693839837,9.010748000390814,E,258.7389236307249
3.7116148780888896,6,10.616101079008205,8.676289524154425,9.646195301581315,D,268.95309168121275
1.8753579081621308,4,9.216702865156417,7.115759376525967,8.166231120841193,X,202.12050008838665
1.4658858292643777,8,10.538253882490215,8.133643051685965,9.335948467088091,E,247.5666906146371
4.277676821898509,6,9.313615449005178,7.799288423893336,8.556451936449257,E,260.28940427067965
3.3323140119795918,4,11.243143779712101,8.71306422808293,9.978104003897515,E,256.69831632039404
2.2515134634434464,8,9.260779327912733,7.189372054410737,8.225075691161734,E,230.13317701771695
4.551151975522523,4,10.754200787804374,8.066353260397271,9.410277024100822,X,238.52795198634098
3.1156746342928585,8,9.941474372630044,8.321679168452672,9.131576770541358,E,227.4809803854651
4.179297184063826,6,12.252100501544337,10.160170507002361,11.206135504273348,Z,299.7994392184069
3.067518481410109,4,9.897212552823028,8.043790195730127,8.970501374276576,X,229.1369699868239
5.060747924881987,8,6.453935063586237,5.324667949778998,5.889301506682617,Z,203.2456826333248
4.755340842443204,4,12.523843001427984,9.583305489772625,11.053574245600306,E,291.0601953783016
2.7510358515209266,4,8.188535398274762,6.516701446520561,7.352618422397661,D,193.9586896711934
3.9715709509543555,6,8.69246732270236,6.8246467967896525,7.758557059746006,Z,236.16465321080267
3.6453759495851474,4,8.808677411913015,6.689112775795547,7.748895093854281,E,212.2927700555269
4.368631557532349,8,12.748876186341635,10.18141887639735,11.465147531369492,Z,305.52003335201164
2.0350765394198955,8,5.728651572042609,4.823948343569686,5.276299957806147,E,175.7784269399148
3.6860514599984393,8,16.27549706731999,12.271821007952893,14.273659037636442,E,360.1623846032512
4.058424486849588,8,12.112113618132103,9.437105983547218,10.77460980083966,E,301.3418077220121
1.2412605135768857,6,10.446477828258319,8.051665550046625,9.249071689152473,D,222.6199318568903
1.816741487334225,4,9.890211998767427,7.653191088230648,8.771701543499038,Z,207.10317688834863
1.0,6,10.571108149715315,8.888647101771989,9.72987762574365,X,235.43923481673
2.730593165555442,4,11.042244856758677,8.798536953241657,9.920390905000167,X,245.8420361909946
3.717542255795962,4,11.290431171900114,8.99429552165453,10.142363346777323,X,264.8209598471744
4.502357052096028,4,11.111208932006896,9.178498186196773,10.144853559101835,X,265.2341841698995
3.074094780419775,6,10.179161362510497,7.791631129264475,8.985396245887486,E,222.08527488424352
4.628615545571292,4,9.605323159385348,7.672026488589343,8.638674823987346,Z,234.73191309957596
1.6198985417851086,6,9.697453432692976,7.690066233588281,8.693759833140629,Z,228.01236675210183
1.2966175606448453,8,9.610183439294637,7.781279702773918,8.695731571034278,D,223.90704623470296
2.9444523011033814,8,12.26754019373413,10.42686657535873,11.347203384546429,Z,293.9247566768169
3.384065448939307,4,11.187113444561724,9.251126290210134,10.21911986738593,Z,268.086816896171
2.967305251905907,6,4.1192227306714395,3.2533067927659753,3.686264761718707,Z,126.27861548084397
1.0,8,11.311801553059523,9.419962754989914,10.365882154024717,D,241.88961089806534
2.9108799604872115,6,10.38947238943755,7.969461274806272,9.17946683212191,X,241.09182505205538
1.6955304994951468,6,9.962582487108206,7.502286564102595,8.7324345256054,Z,216.7622559945721
3.6696725488300386,4,9.222963093822228,7.105784299749672,8.164373696785951,D,210.32173622648688
3.3665982460968484,8,12.248225439972027,9.603112828144933,10.92566913405848,D,290.42558058315115
2.060120213672645,4,11.895052924245716,9.52862820639258,10.711840565319148,E,259.75306991557727
2.4861330826633066,4,8.454244664352782,6.860728723695421,7.657486694024101,D,197.9181790914369
1.9407864781110484,8,10.81410457424907,9.095316975873384,9.954710775061226,X,261.5718910091974
2.937320902726828,8,8.056686530917428,6.453288291336013,7.25498741112672,Z,232.6070342349569
3.9551423205012384,6,7.2407636704221385,5.793534600463946,6.517149135443042,D,196.46561729829762
2.014273953664456,8,8.746565550820069,6.603869541003773,7.675217545911921,X,216.4305768013297
3.504046515517844,6,11.724786944765517,8.834523260254656,10.279655102510088,D,265.54143357938887
2.469742381627559,6,11.906250090752174,9.585912402722707,10.74608124673744,D,261.15545155215466
2.2071271677376556,6,11.026170840194586,8.75277135496552,9.889471097580053,D,244.01161709479993
2.8929696400454423,8,11.450191573695994,9.548521309013426,10.49935644135471,D,274.1292395123317
1.964757677580626,4,11.032356574229917,8.451534877946463,9.74194572608819,D,238.08124927304132
2.4463506946528177,6,8.717036809554095,6.559545496952578,7.638291153253336,X,230.72008787860247
1.8021221074111515,4,10.863845089347882,8.635712578401362,9.749778833874622,Z,225.85636338884555
4.9647251329163895,4,11.600819050455364,8.976108864366147,10.288463957410755,Z,271.2502774212244
3.035263551971729,8,11.508582659627148,8.688536106387923,10.098559383007537,Z,271.69259304875555
2.3002744920074143,4,12.377826742949285,10.180265262495745,11.279046002722515,Z,272.54165346162193
3.213979910734222,4,11.416607694402128,8.689857120996928,10.053232407699529,X,255.8399553808806
2.88767195030917,8,10.702896415083165,8.67825037089821,9.690573392990688,E,275.5291453023866
2.779030400466777,6,12.140300476632856,9.446428199065505,10.79336433784918,E,249.39367005629927
3.614166700043425,4,9.94695748150188,7.632793894735401,8.78987568811864,X,208.06988206085032
3.757507710047305,8,8.236250697544564,6.489960897712207,7.363105797628386,X,219.8784113329393
2.4694988523894725,4,9.673866072112473,8.030707464408462,8.852286768260466,D,232.71372576454115
2.42418175935532,4,8.510194710387102,6.716325301205332,7.613260005796217,D,180.8505373934216
2.724948302848356,6,8.649643450051236,7.136621565417995,7.893132507734616,D,185.0358097862383
1.0,4,9.710962658568965,7.405081268164589,8.558021963366777,Z,206.87223332952763
1.4848089378014477,8,8.415160158000077,6.961669644700731,7.688414901350404,D,211.05295964204973
4.3668742674445244,4,9.38407694072192,7.2603977606159456,8.322237350668933,E,219.2114056198296
4.644967713501284,6,6.212770666092428,5.080426816247933,5.64659874117018,Z,179.52625595120716
2.7509639604436216,6,10.426587414745876,8.409857644979455,9.418222529862666,D,236.17665300534279
3.5765569630557663,8,10.002410950724448,8.431176942467932,9.21679394659619,Z,261.20680173722087
3.311250154543536,6,8.365822737863619,6.598394206174161,7.48210847201889,E,206.4915182239831
6.078880808455238,4,11.31849133686481,8.563757514311071,9.94112442558794,D,284.5519357860664
4.119574911434577,6,11.875140275253116,8.929102614236008,10.402121444744562,E,250.6919113801931
2.8720824085192334,8,6.784880271262052,5.6496738371933555,6.217277054227704,E,184.4978465184684
2.0444595593995745,6,8.47455044286757,6.800602695203887,7.637576569035729,E,191.9355873655998
1.3935536797424275,6,8.461715300425404,7.00227592081661,7.731995610621007,D,196.0120422261195
3.203463635867223,6,8.120193797782271,6.280503478662192,7.2003486382222315,X,200.6611315382155
2.2436492547156965,8,11.658949683863497,9.146543665463417,10.402746674663458,D,278.46986383938383
1.5777462904023258,6,9.612347722454393,7.238197680589548,8.42527270152197,E,195.6895492178621
2.3534271157574733,6,9.470970317378779,8.013854264676977,8.742412291027879,D,228.83743174143981
1.918451996385605,4,5.992275271186493,4.894411287564107,5.4433432793753,E,153.6347497834791
4.687141635072565,8,11.270836060418453,9.504927200802195,10.387881630610323,X,313.19552332855164
3.8816397569494505,6,7.521483210293055,5.84080508480688,6.6811441475499675,Z,197.62162080955912
2.9920273586833828,8,10.119865260532656,8.208691881131733,9.164278570832195,X,256.4504310470029
4.479944138890026,6,10.554753875916383,8.632205423951874,9.593479649934128,X,248.63040646195918
3.0773683076476184,6,12.721317191677302,9.94495293986786,11.33313506577258,Z,263.5168223487976
2.1387157986717362,6,7.382359201761776,6.162874102843009,6.772616652302393,D,195.2872347905822
4.5231240772696575,4,3.9609756883583493,3.345900119018543,3.653437903688446,Z,138.24439590998477
3.5389100436846586,4,10.36769908950739,8.693165476938823,9.530432283223107,D,257.7828729992929
1.9627538456735436,4,13.601022363021707,11.205973419018504,12.403497891020105,D,273.9634673874401
2.809661321916392,8,12.477892705878874,9.704636979737057,11.091264842807966,E,295.12093147061074
2.124381746615243,8,10.419318830549251,8.107913855961534,9.263616343255393,E,265.2043227366988
1.617200269035664,4,9.016727628735905,7.631181483331295,8.3239545560336,Z,206.84814989460128
3.9261775475316414,8,11.61424519327462,8.722628560704601,10.16843687698961,X,285.39632807101907
4.9094166404701305,6,8.052907600591062,6.616309127635766,7.334608364113414,Z,225.87189449521307
1.6014324261808588,6,10.952715538712438,8.988067985911833,9.970391762312136,D,229.71334493679217
3.562969236690571,6,11.010940318333255,8.943844975974795,9.977392647154025,E,278.7332746670897
2.349357430878173,4,12.12041981499776,10.290368348959902,11.205394081978831,Z,261.4928795503077
2.5128746162353037,8,15.519320077822155,12.1235057372974,13.821412907559777,Z,346.6018368773788
2.407606075761131,4,10.784831934357534,8.455277892110198,9.620054913233865,E,220.84681595657608
2.136009230320184,8,8.982072748585002,6.8074585074383345,7.894765628011669,E,207.4608082183574
3.048521627944827,6,9.94885137561601,7.902171816699345,8.925511596157678,E,253.34632219482418
2.1690498835889622,4,6.4618481902217635,5.015071737347394,5.738459963784578,D,152.98667522200276
3.270456825779839,8,8.610573737821884,6.753605955335222,7.6820898465785525,E,240.87911994979487
2.949761890550863,8,9.181435123773792,7.652333017666723,8.416884070720258,X,237.05299372932862
2.7610519531335904,6,8.951823204130815,7.551296600628158,8.251559902379487,Z,204.22273984934705
2.092436337958402,4,10.304709744067445,7.919924847739325,9.112317295903384,E,232.0913852949689
2.4232286694316674,4,8.355160135235598,6.577607278920171,7.466383707077885,E,187.6610376583183
3.755391225825756,4,12.242061334648943,10.318381230851324,11.280221282750134,D,290.14522604843063
3.5009171876243808,6,10.000414129836393,7.5621216177392885,8.78126787378784,D,240.88663802740143
2.022444755201449,4,9.981399357722772,7.578238249889064,8.779818803805918,Z,200.38964134870415
3.099332305429226,6,9.344210566974164,7.160273253385526,8.252241910179844,X,227.68110891159486
3.751387123371789,6,10.310381367717959,8.346473157269301,9.32842726249363,Z,276.0446479051185
1.3305947188786282,6,11.65019652933527,8.912950549944979,10.281573539640124,E,253.86728256673337
3.543360192379935,8,8.2657395685782,6.9994914015899825,7.6326154850840915,X,227.51073409542656
2.3373762410541534,4,8.683767021849487,6.900741754385978,7.792254388117732,X,209.97228419246514
3.5705986685931594,4,9.39254794244667,7.515464105493703,8.454006023970187,X,226.89279181736646
2.236740843457483,6,7.30825815305357,5.661458098788255,6.484858125920912,X,184.159913255621
1.195117899335481,6,8.361484280557004,6.664905885167771,7.513195082862388,Z,181.2988289290115
1.3724575621168373,4,9.047558252910681,7.384538904650919,8.2160485787808,D,200.38402745468036
3.048084946661382,6,11.748778361425455,9.694125140293409,10.721451750859432,D,285.2643186479719
3.2597225017214817,4,10.52512265800385,8.687297397350491,9.606210027677172,E,236.360804049758
2.095683374895591,8,10.387179822735089,8.390650757602712,9.3889152901689,D,262.98009776480336
3.638592458777374,6,11.701795924335944,9.834610296167606,10.768203110251775,D,280.83292655135796
1.3384799377310401,4,9.725256423201207,8.088892409139786,8.907074416170497,D,202.64859258533494
2.9339202013526835,6,10.78092969985778,8.901865525290908,9.841397612574344,D,266.1434750342161
1.7889838002375433,4,9.793556494135007,7.399624952397599,8.596590723266303,E,206.95371011031878
2.348163892197841,4,10.530724698799258,7.90528651676183,9.218005607780544,Z,235.43689995245035
3.047398671316414,6,8.834482684776836,6.813548192763766,7.824015438770301,X,214.03670916598477
2.1395866347160477,8,5.122365683447142,4.181655311347335,4.652010497397239,D,153.8378148598062
2.6154444557701746,4,9.731441675627392,7.698735694743037,8.715088685185215,Z,225.39182030474896
4.0062928092144405,4,12.845496272199881,10.151033014523831,11.498264643361857,D,292.9371915352816
2.423108130476851,4,11.852430804483184,9.937773591691847,10.895102198087516,D,242.17780746200145
3.835692112065142,8,11.930794969182342,10.016573899194553,10.973684434188447,X,286.6181724034764
1.870293145342382,8,12.472261443612435,10.488143241843495,11.480202342727965,X,297.6010781558913
3.529804177915283,6,10.177315181922875,7.95242999778107,9.064872589851973,X,245.2741276871768
4.4415686206579,8,10.394631414811192,8.514300607157136,9.454466010984163,D,268.2676933985481
1.0,6,8.7646962091313,6.81160038826745,7.788148298699374,D,182.17722582141275
2.203104744529523,6,9.367854287945901,7.20445123016854,8.28615275905722,D,206.95673941368113
3.57707212718054,8,11.231542299542284,8.631027450113255,9.93128487482777,X,254.1784323687413
2.7969546139570074,6,12.407768874337632,9.730305884735724,11.069037379536677,E,278.3374865432883
3.371145873371309,8,9.721107448638001,7.70879700850253,8.714952228570265,Z,242.02612749930793
2.3960148132841796,6,9.099621470297176,7.580848394488717,8.340234932392946,E,211.09896787084756
3.0865897874729,8,10.001055917713195,7.620695691270533,8.810875804491864,D,246.40217971288675
2.8443227646079206,8,11.20241349785823,9.225104446671818,10.213758972265023,D,276.35811339990704
4.167782061659807,6,7.112290367732916,5.712203942506979,6.412247155119948,E,220.85474304109647
3.254420843301213,4,5.407638093725524,4.211438990690698,4.809538542208111,D,133.61614508154221
3.337602662075202,6,8.898926301016832,7.112751242008158,8.005838771512495,Z,235.08661248400713
2.5881230338775327,8,7.558575148171682,5.89564482857954,6.727109988375611,D,210.15444571643826
2.5123937759275066,4,8.983719604705378,7.273293018257582,8.12850631148148,Z,199.90313659513768
2.567441812180379,6,9.704439362365058,7.699350725981723,8.70189504417339,E,231.74467855113193
3.394452142378297,6,9.093503181953974,6.969629606646441,8.031566394300206,E,219.99951681641093
2.579015519179737,6,12.90493506894149,9.829151002434001,11.367043035687747,D,284.98790170973973
3.289774856896413,4,10.65348952920464,8.572538819365162,9.613014174284901,Z,260.24934218870766
5.075400798645439,8,10.600948719221657,8.907354968358568,9.754151843790112,D,291.89310718856973
3.8711247034316925,6,11.244414288086803,8.820070988587755,10.03224263833728,X,274.442183533397
2.673976467832159,6,7.722333764438462,6.357797471063074,7.040065617750768,X,193.23798383379054
4.201213922163944,6,12.078223574840537,9.854213591637393,10.966218583238966,X,276.4959442371754
2.5919246269784484,6,9.84847142692908,8.30379276581604,9.076132096372561,X,235.3572060918316
1.0,6,11.340961234482425,9.436792315005368,10.388876774743895,D,259.84361704351704
1.991913689082596,8,7.856285533919689,6.337355420337947,7.0968204771288175,X,186.58386786750583
1.1292080789741443,8,6.892482467967872,5.622218969975782,6.257350718971827,Z,165.88820148741104
2.6484865159586914,6,11.635779316050057,9.772177153607323,10.70397823482869,E,271.8271072185014
3.018418379189552,4,10.752819052195033,8.494209609007893,9.623514330601463,E,232.80792255545217
4.676437312275283,8,8.19589689128498,6.414760239846549,7.305328565565764,X,224.945709962916
3.3269273737641627,4,8.26067383745061,6.204436061661934,7.232554949556272,X,193.6843869114853
2.7808994711911357,8,12.25086956882954,10.200749116811712,11.225809342820625,X,278.6690075264223
3.8294055811834893,6,7.621176214265344,6.32632366689898,6.973749940582162,D,198.02783616131447
1.0,8,13.285345906511926,10.102780870329797,11.694063388420862,E,290.9155469362903
3.235614558108566,6,8.198758530704263,6.622020335484342,7.410389433094302,X,197.49023642066206
3.7708651938869666,8,11.276783851216766,8.980810020527423,10.128796935872096,Z,264.3058693113632
1.5214137542201585,6,9.34276304850203,7.117979381480886,8.230371214991457,X,203.5213120466918
4.143754043206929,6,11.206374862164687,9.503642659660583,10.355008760912636,E,285.85727067542047
3.3384964074944143,6,8.911771995771614,6.875161076579038,7.8934665361753265,X,219.28507671848178
2.5847120860991986,6,9.674414187855412,7.320855771469254,8.497634979662333,E,221.1540096730825
3.632781866106285,4,10.081838350791442,8.161094275446596,9.121466313119019,X,239.20073289859928
5.270692857804396,6,7.9956250884370546,6.5874889103972905,7.291556999417173,Z,211.08099423779092
3.181866255058495,4,11.481648690840252,8.648486943113593,10.065067816976923,X,258.0670754278737
3.248220586300336,4,8.973572867056829,7.321284723285877,8.147428795171352,Z,219.26513208046686
2.5406391004597557,6,9.542800169319962,7.665055627385689,8.603927898352826,Z,223.39186423069685
2.1501556305352083,4,8.011301250782976,6.0912046475635115,7.051252949173244,X,192.58586040678114
3.8303358165442454,8,4.875332682409379,3.7406106413842917,4.307971661896835,Z,153.18783041384876
2.1439161740911326,6,9.617944474799662,7.759732881569689,8.688838678184675,D,236.4950252371405
3.0715662372193924,4,14.825230843225832,11.558280135667575,13.191755489446702,X,316.0957088170805
2.5223425532348833,6,11.569208575796047,9.762463469318746,10.665836022557396,X,265.17462008471506
3.478979825746392,6,9.961479240531212,8.286695810337722,9.124087525434467,Z,247.07281241247017
3.3336621052869484,6,9.474218341583464,8.037516803000774,8.755867572292118,Z,237.38132484060242
4.037539944257899,4,10.044931785624092,7.794536425615338,8.919734105619716,X,250.9729105191505
2.489983601145253,8,11.09423823035042,9.396513172748975,10.245375701549698,D,259.04055876773634
2.7301250647066286,8,7.63837436938231,6.058173350859271,6.84827386012079,Z,196.6415354580161
2.0212362842176925,4,12.228643389337744,9.596450883901724,10.912547136619734,Z,268.8263344952964
2.555706739923888,6,11.430762630882487,8.630625322298254,10.03069397659037,E,250.21559757920767
3.377300493044852,4,11.43637145141587,8.637622897423118,10.036997174419493,D,263.5182791921543
3.756988616645352,4,10.876951477619455,8.910410893504416,9.893681185561935,D,272.4378697077793
2.0778346758223747,4,10.03923331538798,7.989150588241406,9.014191951814693,X,217.0442355251013
3.86960592010566,6,11.34572247193364,8.76629700423991,10.056009738086775,D,276.6298772285451
4.3556378588049505,4,11.183628267482757,9.074362767933458,10.128995517708107,X,254.59936612881307
3.413434903223701,6,9.291918578117953,7.20389263824808,8.247905608183016,E,236.63979417657544
4.876795812558066,4,8.852796454206198,7.150962975324369,8.001879714765284,D,230.799792280754
2.226210800896427,8,10.203712590523974,8.019310724314343,9.111511657419157,Z,249.22272397894957
1.755345296688583,4,13.098040302990375,10.902222252820689,12.000131277905531,E,271.1003578046425
1.2212797510957214,4,7.521785848692199,6.258649463332307,6.890217656012252,X,153.40631647553056
4.496044311489183,8,7.06494946849512,5.63595774552142,6.35045360700827,E,217.00203590255228
3.6543656563540576,6,10.329521682473034,8.109520621504968,9.219521151989001,X,230.30004807852603
2.9444153290895447,6,10.101775403712036,7.942581316309577,9.022178360010807,E,236.71421556868626
3.2799686263198202,4,10.346683328740816,8.593659801601179,9.470171565170997,X,251.61493623081785
1.8745109527016235,8,10.487906395817001,8.21012136652365,9.349013881170325,D,247.6443645091531
5.445751979616826,6,9.55359549073039,7.364923487041856,8.459259488886122,Z,273.12613602178885
3.1292211819752276,4,12.979726877204165,9.8447183126256,11.412222594914883,X,289.78775524386765
3.109394794604893,8,6.798192043046969,5.41591097837934,6.107051510713155,E,186.6959942770563
3.725766623898692,6,8.343005950439508,6.659497559848244,7.501251755143876,X,217.55583514037883
3.481009231736713,6,9.793490479701905,8.168661004739356,8.98107574222063,X,243.95790013633538
3.2238840242791316,8,6.7136223776916655,5.1837480895959125,5.948685233643789,X,175.39077728220582
2.209525544554688,8,9.648291191135858,7.603809868315339,8.626050529725598,E,225.2122768752153
3.4714683571359957,8,13.322940331456037,11.069239390880755,12.196089861168396,Z,313.0288717249292
4.882024496475034,8,10.041772976591924,8.358393864174154,9.200083420383038,D,252.45970834385176
4.3454200461549775,4,10.461401811437367,8.24840845927234,9.354905135354855,Z,251.02723785116328
4.5931866266393975,8,7.47967046965484,5.953162492129781,6.716416480892311,X,217.76947743770978
2.4887843235688147,6,8.767277183921045,6.841357035045593,7.8043171094833195,E,194.2452464122388
2.010395179741419,6,9.249607239352127,7.799782064966136,8.52469465215913,Z,224.63997349337012
2.874213079900352,4,9.364569806487532,7.134532137504808,8.24955097199617,X,220.89187768583653
3.0557249122886945,6,12.563287590007537,10.595561946322759,11.579424768165147,D,294.4160892748388
4.094191518470948,6,11.11538212145025,9.096680284306705,10.106031202878476,D,269.8218574901893
1.3075353702851806,8,7.777084086125936,6.24622119752322,7.011652641824578,D,199.2228280568619
4.529550319460614,6,10.49300955686401,7.904026351340999,9.198517954102504,X,266.06806588142314
2.8419921014210106,4,10.996443496993571,8.770319287820781,9.883381392407177,E,249.1615845595505
2.57311893005258,8,12.280298077042533,9.710950384760178,10.995624230901356,Z,277.3975514142053
1.9878956247398325,8,13.161081373136748,10.082992420181062,11.622036896658905,D,295.08570183568827
1.3451433281342307,4,7.969811616344263,6.500504800564144,7.235158208454203,X,190.10940395868116
3.8231705839619146,8,8.378284977579323,7.097371639001116,7.7378283082902195,X,227.02198141930623
3.073317967188404,8,7.4848442821707675,6.034422782427744,6.759633532299256,Z,226.90524370919348
1.7100391002589461,4,9.531960281786038,7.830270195573541,8.681115238679789,D,205.46638643633136
1.704921227936384,8,10.93271674889267,8.27437250259328,9.603544625742975,X,249.44417492762472
2.6642153007098717,4,11.974669033178204,9.481144178982685,10.727906606080445,Z,254.47542916864424
4.669021525289393,4,9.848097952714955,7.500664440489165,8.67438119660206,E,242.41054754413773
2.740408648636395,6,9.360304953490312,7.593824304602797,8.477064629046554,E,209.52316214094228
1.4968570468818938,6,10.30351598449748,8.694603580205634,9.499059782351557,E,229.48934812768286
2.754256935914056,8,8.329714196739953,6.798527584880502,7.564120890810228,D,207.90377517185948
2.7272764302523296,8,14.179077443389547,10.743207719536016,12.46114258146278,Z,317.8489994107018
1.0,4,6.784677945763883,5.329138057229918,6.0569080014969,Z,161.08263378502707
2.9457051334821878,8,10.36948115779145,8.348120222083354,9.358800689937402,X,263.0931270047154
2.769065469791322,4,14.04721243845928,11.101803829568288,12.574508134013783,X,275.4642237695999
3.6962063648134182,4,10.013599689119996,8.34497750725309,9.179288598186542,X,260.96853214114384
4.848956094945345,8,9.61992192999701,7.99864859389199,8.8092852619445,Z,267.62806559455214
4.126565029547757,4,9.285109154379146,7.531923646353715,8.40851640036643,X,221.67098689787616
2.7311113094451693,6,9.639216636475185,7.589396681131089,8.614306658803137,Z,231.16852546042384
1.8934740912583297,8,12.74569694935306,9.884716716028102,11.315206832690581,Z,287.0007757914218
5.57335980324986,6,5.576276177340986,4.241245576850149,4.908760877095568,E,177.24032840489434
3.0592184340144883,8,13.066867402592651,10.263890649105097,11.665379025848875,X,305.8789315305431
3.0139292919129463,4,7.15208569509971,5.65956879631775,6.40582724570873,E,172.181114957101
2.9758749128899966,8,9.466695341531171,7.739802479826649,8.60324891067891,D,237.780107415578
3.198084760767855,6,9.141511159402675,7.457790907400683,8.299651033401679,D,221.1110769181613
2.8556395880760577,4,11.17710653954144,8.461190519262017,9.819148529401728,D,230.6126535713986
2.4263379931197635,8,6.803751296232505,5.371738080145651,6.087744688189078,Z,187.47663839713303
2.453141058759608,8,10.924345332163886,8.391840511080117,9.658092921622002,Z,263.5462633851995
2.9672467297840015,8,14.048619246573704,10.756764633932375,12.402691940253039,Z,322.8751420636645
2.4565752288662352,6,7.273651990814379,6.056989785954918,6.665320888384649,X,196.0714225827077
2.2871542173228354,6,10.379412335220792,7.828064783157411,9.103738559189102,E,238.18971545715908
3.106430227691897,8,8.676035644406781,6.87071129059026,7.773373467498521,Z,221.20451664472037
2.7450227825791447,4,10.85177441238607,8.321361622061243,9.586568017223657,E,247.57822681457645
4.503992988582689,4,10.038295554831505,8.411419325651053,9.22485744024128,E,235.96190329223313
1.0,6,8.71702618191138,7.023343310293919,7.87018474610265,E,188.39698109692822
4.091506851922462,4,10.975744569742147,8.485765903632277,9.730755236687212,X,245.88817253873646
4.246085192497629,6,13.608696219573487,10.890260197027278,12.249478208300381,X,328.25097668237703
1.0,8,9.618192416545403,7.917201968179343,8.767697192362373,D,234.78182898864824
2.6573124059196513,6,11.439515884296364,9.675677531428699,10.557596707862531,D,272.59811058689706
2.6285591340042087,6,7.413454084257673,5.723517196246403,6.568485640252038,E,198.37460279720082
1.5924883052821788,8,8.087127246363982,6.7820119102348215,7.434569578299402,D,195.82344679468994
2.2221833124091246,4,10.944812555760755,9.231187756784495,10.088000156272624,E,247.46778744815353
1.8894241545341712,6,12.96823205707193,10.914609471139952,11.941420764105942,X,286.4709125436289
4.7522704434236225,6,10.71122669757132,8.71402674550243,9.712626721536875,X,280.24405990382286
3.935678393147461,8,9.373883938953691,7.620799525917949,8.497341732435821,X,248.15137625466906
4.2715550949941585,4,9.998582810846708,7.90209059874527,8.950336704795989,Z,237.87285616176055
3.721672064043235,6,7.499184532060565,6.188625455138193,6.843904993599379,E,209.50390569802985
1.8709482287827708,8,11.209030652710734,9.002302083262796,10.105666367986764,X,269.5845013194753
2.4754797337202263,6,11.76466612464682,9.620482866297674,10.692574495472247,E,261.92283529817917
3.489374561227918,8,9.09581933433384,7.211582069327982,8.15370070183091,D,237.35700293537366
1.7778721911080546,4,9.059915704480996,7.457666408596422,8.258791056538708,D,192.3701367054382
3.712998430172388,4,10.531756459304097,8.76713066758247,9.649443563443283,X,225.13824539566014
2.7596746018418647,4,9.126560527918809,6.978566331875852,8.05256342989733,E,210.65261093050256
2.6251791924504024,4,9.867734770748354,8.2227140296574,9.045224400202876,X,233.24533349110789
3.7109599682034915,6,14.199443578333032,11.416773695622323,12.808108636977678,D,325.8924405124557
3.44426331148604,6,9.505948598508006,7.932396520353375,8.71917255943069,X,219.33046712593054
2.6390338341809203,4,9.283319695957555,7.36288093450573,8.323100315231642,E,209.3438503456773
4.159329803364248,4,8.704916388729682,6.858638864867546,7.781777626798614,D,195.04537296910394
1.9189366724001027,4,11.488383942999874,9.667544859881962,10.57796440144092,Z,264.44566582936125
3.6159356069442636,6,9.637551653563794,7.470229419151395,8.553890536357594,D,226.37662097541366
3.593101257968384,4,8.701253923357148,7.260511023272113,7.980882473314631,Z,228.10269814057543
2.69045356068601,4,12.642608064546025,10.093884287750877,11.36824617614845,X,283.7281555666706
3.326133022242118,4,12.839206009027274,10.289462236292223,11.564334122659748,X,275.5421091502555
1.748886423614697,8,8.79915286852259,6.870790607783585,7.8349717381530875,E,202.86044948653128
3.924027019206901,4,6.266920097278767,5.059311041323892,5.663115569301329,Z,176.00628374195898
2.815097863557011,8,12.015027379673844,9.4020126774989,10.708520028586372,X,273.87813883546687
2.4772769794809606,8,8.630740348479993,6.506947673155655,7.568844010817823,Z,217.17449643274819
4.0490092258368895,4,11.581251198325537,9.000946816152872,10.291099007239204,X,261.48379649508377
2.295656309457241,8,6.059792364576329,4.548709841285103,5.304251102930715,D,151.23000100853037
1.5915387036364403,4,11.785194676598618,9.991906170273687,10.888550423436152,X,231.38171531384285
1.4433708264760963,6,7.577656141438437,6.415052133635593,6.996354137537015,E,186.62763350044722
3.60600995134564,6,11.461528238133049,9.049054538642455,10.255291388387752,D,265.5503498179052
1.719570647503717,6,10.028546135672869,8.251859673417112,9.14020290454499,E,224.46886639679565
4.754794181984365,6,8.09212116120671,6.348921355567166,7.220521258386938,D,228.9170053785203
1.0,8,9.18592737414644,7.505906830837672,8.345917102492056,Z,228.65276481616556
4.696456368290038,4,11.372636913913402,9.445464029347008,10.409050471630206,E,272.42012590188637
3.2110174672026184,4,10.211788906230469,8.625649171318116,9.418719038774292,X,237.0785683784134
2.9032868881296077,4,11.168825960944968,8.823609596348595,9.99621777864678,Z,253.95865478537053
2.4550809131910505,6,13.95288116903097,11.557587244385966,12.755234206708469,X,296.08613756908414
3.399136114352071,6,6.871516776577897,5.33637076342222,6.1039437700000585,D,188.30176709099885
2.9623652975751518,4,13.234425149937248,11.236466737265133,12.23544594360119,D,299.8514315659969
4.103301882016521,6,10.208711875046426,7.6828413471769,8.945776611111663,X,256.7508531265748
3.1142276486620397,4,8.202431903353745,6.6468643212190885,7.424648112286416,X,180.26771170732408
3.150301761461878,4,7.33937274852202,5.988565584313417,6.6639691664177185,Z,177.16884824488375
2.636387787786144,4,9.621759218445932,7.878340281983325,8.750049750214629,X,212.58224035391936
2.9430543762789325,4,11.84330022384892,9.025053791768833,10.434177007808877,E,259.112953463059
3.3078017688920593,4,9.744901759244932,8.223264373240806,8.984083066242869,E,237.5671248114578
1.2898316073433744,4,13.022309860494694,10.002674875504086,11.51249236799939,X,278.1152675078813
1.651814577894287,4,7.097648619896882,5.765244948226796,6.431446784061839,E,160.19742665649892
3.743264094022715,6,9.975822104307891,7.704004273452587,8.839913188880239,X,239.25517973473978
3.170865438127942,4,7.495213111173761,5.851675085062887,6.673444098118324,Z,196.67425653243336
2.816016663647321,4,10.727263765249935,8.631648315326593,9.679456040288265,E,244.71505682754156
3.0184339330653933,6,11.7737747801946,9.321525220141828,10.547650000168215,E,283.81385444589796
3.347581705361671,6,9.158476412637894,7.015599548202826,8.08703798042036,X,228.1038566921223
2.4602403196906386,6,4.7915722867457315,3.675584627922874,4.2335784573343025,E,127.70280615645974
2.2216952745976872,4,10.39789629359299,8.233204834497062,9.315550564045026,D,215.1966804790993
3.1958452550976815,8,10.87347710346702,8.978537740112662,9.92600742178984,Z,254.96347849618436
2.021627222384968,8,10.808589509923396,9.077015258662653,9.942802384293024,Z,265.69283825729485
3.408252755714472,6,12.471564383644308,9.458593643364567,10.965079013504438,E,295.2700760581036
1.2974163957621596,8,7.857892640701902,6.2023163107506445,7.030104475726273,E,212.06987488601087
4.029155637325644,6,11.3604322109009,8.634207451287402,9.997319831094151,D,278.6690063183719
3.4725974824130432,4,12.38501502495595,9.309311080910563,10.847163052933256,D,283.2976216581454
3.2560297343138758,8,6.442824831986966,5.258452380023043,5.850638606005004,E,183.772906136702
3.982690983945514,4,10.639303651837954,8.620441993674751,9.629872822756353,E,240.86020812714364
4.665474444462577,8,8.991640337984657,6.890311177452538,7.940975757718597,D,253.97505292317325
4.014370065018131,4,9.836954653796708,7.607716614008752,8.72233563390273,X,238.7672208506299
1.1591257686683547,8,10.695352967076673,8.046871004635967,9.37111198585632,D,240.08794114721886
1.7204230332642985,4,9.025542871772895,7.522742333895853,8.274142602834374,X,206.56079719566037
2.3751814223043213,4,8.648583841676777,7.329407215219563,7.98899552844817,Z,206.7635796165887
3.026091050210834,8,10.068304834976049,7.687613417157396,8.877959126066722,Z,260.6582616219784
3.517659020469123,4,7.825508122274394,6.05027220824835,6.937890165261372,D,206.88424935808823
2.2742561868465345,4,7.828349742229629,6.551083653966195,7.189716698097913,X,191.97909935382705
3.1867667644770785,4,11.358746565913007,9.57140667278251,10.465076619347759,D,269.6272287573552
2.2446170676466775,8,7.702411929682688,6.100023243197286,6.901217586439987,D,205.61114792951426
2.388482197008052,8,11.332625001818425,8.556837300852855,9.94473115133564,X,258.1677476764471
1.5933389031517777,4,10.925182585707903,8.236923236828916,9.58105291126841,D,235.12009400601735
2.0767667538890957,4,6.548386542418807,5.287134464713043,5.917760503565924,Z,145.1779269216168
1.6483153943836664,8,8.64487069532869,6.8233057628173786,7.734088229073034,E,221.7038340482562
2.024126747022667,8,12.388218806094745,9.326659358786836,10.857439082440791,E,265.44481972138215
4.05364179660784,4,8.037668937720637,6.497050666944666,7.267359802332652,D,208.74164688067876
2.050601111168057,4,9.071191475381225,6.8136463538915715,7.942418914636399,X,190.90284982014697
5.63238206483739,4,10.924121786503793,9.053226056087906,9.988673921295849,X,281.6311889050352
3.4933179008808892,6,11.566781018565191,9.029529899634964,10.298155459100077,Z,270.55703593153135
3.1848361236948737,8,9.496922227911009,7.1609243832962255,8.328923305603617,X,222.47926776738774
2.1416422198187863,6,8.804979610616718,7.121777638924311,7.963378624770514,X,214.89099100378294
3.7003098794089913,8,12.844739723397016,10.144370072092176,11.494554897744596,Z,301.1149889806547
2.4243621737622263,8,13.477799327595157,11.420818151332055,12.449308739463607,D,322.0412637350281
3.1220098146453616,8,11.95771610156359,9.619024387079682,10.788370244321637,E,287.00075992023045
5.560084538268795,8,10.170636285130048,7.907912974021983,9.039274629576015,Z,280.34054782808863
2.90394010027535,8,8.383468556718148,6.882357258995886,7.632912907857017,D,212.12196960974174
4.149273326285676,8,8.33911118688687,6.480733589720576,7.409922388303723,Z,223.7978587146576
2.2968235748741126,8,11.045028210531514,9.282510424176678,10.163769317354095,D,261.6572357348122
2.9650115095030385,6,10.836796441777368,8.533675902998041,9.685236172387704,Z,261.92186334521006
4.77080063563551,4,12.80319718589286,10.30640545297437,11.554801319433615,D,315.5778036230823
2.3730329422122325,4,11.300900185072278,8.532827298640898,9.916863741856588,Z,234.01588674182534
4.8124485579969285,6,6.9938393964803645,5.543401897527002,6.268620647003683,D,214.26537996661975
3.7077519354554753,6,12.103895235445837,10.085405534770533,11.094650385108185,Z,267.2737528794614
2.4375332241057324,6,8.003878745371175,6.647740593976514,7.325809669673845,E,188.9496316236113
3.632407739055521,6,9.232057456095298,7.131135274451898,8.181596365273599,E,220.36822013415943
3.9725544496267298,8,10.500400412503389,8.112692386427312,9.30654639946535,X,252.33138559116705
3.6218099622171964,4,13.99133497956793,11.637020475051521,12.814177727309726,D,296.66577027049067
1.4297752801095436,8,16.219837112010723,13.673968916449898,14.94690301423031,Z,357.36580220707964
2.2728628241751316,4,11.213446118272365,8.517017043952638,9.865231581112502,D,237.89258288672275
2.7524813644484953,4,9.633606762559225,7.658773867151887,8.646190314855556,E,224.24267391764718
2.925566570899954,6,11.0690112969611,8.675286995327117,9.872149146144109,D,263.60337549309685
3.620672097550678,8,11.775310851747673,9.856745860614694,10.816028356181183,Z,295.18345803085583
3.177701000933254,6,9.358664748885616,7.097166729131169,8.227915739008392,D,232.91295655100413
1.6646556412898987,8,13.590422711824644,10.479746114348096,12.03508441308637,Z,296.65292181220366
3.3801978510059634,4,10.460141518382803,8.6321986687128,9.5461700935478,E,232.85544649795818
3.610585745283823,6,10.995486178182789,8.303014714386967,9.649250446284878,E,269.6690081867438
3.55979044793104,6,11.331848504108923,9.057020009798485,10.194434256953704,E,263.5954682905732
4.080780725554622,4,10.843173221228911,8.611764231857288,9.7274687265431,X,246.00121879878395
3.833922154548904,4,11.677881000939225,9.148920468184858,10.413400734562043,E,264.82805747868593
3.4591800792284366,4,8.765493626906153,6.919982331707778,7.842737979306966,D,202.31845118545857
2.929834288541353,6,8.88339649210794,7.13331460417712,8.00835554814253,X,215.2911500283698
1.3390390664840086,8,7.79969153405661,5.975630212451953,6.887660873254282,E,194.58414734556038
3.429618219132586,6,10.879002461240454,8.781526302697001,9.830264381968728,D,264.3848872231617
3.2076876871631113,8,11.557873007024227,9.599313213048267,10.578593110036248,D,274.6704384080998
3.2715788371953733,6,10.915545732303771,9.016416438531332,9.965981085417551,D,257.1583563508173
1.7232514241796906,6,13.348984866695075,10.217179399895606,11.783082133295341,Z,293.6374869554062
1.9189434595917376,4,9.988807962341907,7.640688400929324,8.814748181635615,X,220.4483994059691
4.053152853332904,8,11.337483311185025,8.807154725268324,10.072319018226676,D,302.728559291348
2.960444846143345,6,7.816598247721371,6.144686293112411,6.980642270416891,Z,211.01857560718653
3.6815006973726243,6,9.225800595051197,7.296183420889434,8.260992007970316,E,243.47777781873194
3.028318376130461,4,11.391075515131554,9.317554868786003,10.35431519195878,D,243.49080209592216
3.029756139495745,4,11.698204221486288,8.83995909319852,10.269081657342404,Z,263.3177980581398
3.9382838059759977,8,9.412066104671636,7.091683756924073,8.251874930797854,D,243.88926865874797
2.483955271782626,6,9.856801496283866,7.778899584536397,8.81785054041013,X,225.6867454906464
3.0961207769409835,8,6.964252506638381,5.708711779029706,6.336482142834043,X,199.371004031416
2.5377247112949575,6,9.285941598386781,7.144079128565868,8.215010363476324,E,229.1295697285909
2.5655037725676846,8,11.780766327039572,9.591316184422544,10.686041255731059,D,284.38417875034014
2.6908278765313605,4,11.150410032213133,8.652526551753926,9.90146829198353,Z,236.15290659156364
3.222133771633713,6,11.00133144276242,9.225811279060329,10.113571360911374,E,271.91735407049083
2.5212513783365225,8,10.09954737436192,8.47926683325747,9.289407103809694,D,244.6247804387995
4.255756125573521,4,10.014126317256354,7.808301899559986,8.91121410840817,E,242.9486746135415
2.105392697780496,4,8.679357721053107,6.709138097215313,7.69424790913421,Z,191.90538448571783
2.813128355838641,8,11.39765684040507,9.017032783374448,10.207344811889758,E,270.0895172788253
2.560268941725825,6,10.84194588877878,8.39224245969062,9.6170941742347,E,255.60700265235735
4.446977884353733,6,10.984037695985599,8.976577220077974,9.980307458031787,E,263.6739908060141
3.1965547765115745,4,8.94793031466484,7.450104659272995,8.199017486968916,D,235.39784824726337
4.031844539468635,6,5.693314160257511,4.653198116200607,5.173256138229059,Z,155.57270746632258
1.514439626963028,6,12.19430542350739,10.15096718060689,11.17263630205714,X,262.62044547822455
3.267050265869259,6,9.042325087983192,7.1407170347935285,8.09152106138836,D,228.2030427858772
3.889630795623437,4,8.27444847191376,6.335180025876931,7.304814248895346,X,210.83573459849438
3.082283989275424,8,11.386957823827988,9.38051999927802,10.383738911553003,X,277.4928609180972
4.065480375065351,6,9.215974720161741,7.244193432786043,8.230084076473892,D,234.68257825011594
2.4827115498996277,4,12.119872768093243,9.903476275540935,11.011674521817088,D,269.1661067886142
4.40934744018558,4,11.234011899153394,8.729550650830738,9.981781274992066,Z,261.4184051271203
5.29889812361925,8,11.367138646400955,8.617688836905112,9.992413741653033,Z,306.76906864860223
2.637161439560341,6,7.268088577598931,6.172483674210923,6.720286125904927,E,199.17082805601797
2.5544974785992283,6,12.423887970772801,9.511978981619155,10.967933476195977,X,283.6318878199682
4.453384477117701,8,10.522501062467713,8.931941892765398,9.727221477616556,Z,269.416707089804
4.579572145730713,8,9.261445721507593,7.85118679614897,8.556316258828282,E,256.1281623898157
2.477139972846732,4,10.286776934684502,8.531665677174997,9.40922130592975,Z,229.95116635985525
2.5798131829041426,4,6.44752953420336,5.260812053008074,5.854170793605717,D,152.8255339442611
2.7182153911394926,8,10.817305622961342,8.738010762587782,9.777658192774563,Z,266.33695960634384
1.655549488965723,6,7.941256983635856,6.643736232303846,7.292496607969851,X,187.0289694712561
2.0813480535158018,4,7.294659428312931,5.682130844765497,6.488395136539214,Z,177.13542156444467
1.9958592332479321,4,6.955281627564218,5.541746675148466,6.248514151356342,X,154.22695973066286
2.2322024348958713,6,12.225376749979851,9.926260135551285,11.075818442765568,D,291.02879933268827
2.9653151126132187,4,8.741473212614423,6.91554596247035,7.828509587542387,X,197.26001629105932
3.234214732536521,6,13.067455419833,10.359207583015456,11.713331501424229,Z,298.80180072585415
4.550500492814077,6,8.928397073895404,6.991189071309366,7.959793072602385,E,242.61945948406915
2.001645959261209,6,6.5852840848141065,5.310525743866423,5.947904914340265,D,163.26815357741626
3.984322398476584,8,7.766951120102682,6.485850418386793,7.1264007692447375,Z,230.8959258039901
2.786011155774491,8,12.471623240013876,9.605056030276991,11.038339635145434,D,276.33506828264944
2.950536290347567,8,9.688203644126665,8.171450490219343,8.929827067173004,D,262.62308123876136
3.6748194921666038,6,8.903425407018798,7.291093107668594,8.097259257343696,Z,228.83487271819754
1.8772779784377014,6,10.320036451705576,8.589648295236248,9.454842373470912,Z,231.90551317410646
3.3824097461840505,8,11.00356547233509,8.86468217439709,9.93412382336609,E,269.51475620488793
3.166452208213056,4,12.234797631804922,10.129821133107242,11.182309382456083,D,283.39990242517945
3.492451264008149,6,12.896998459785852,9.693642494792892,11.295320477289373,D,284.9863692673645
3.2891686439078183,4,9.280462708421828,7.719841932663259,8.500152320542544,Z,215.40115595570126
5.455300139910895,4,7.3479046278359235,5.540422121719884,6.444163374777904,X,201.22090291882964
2.362260015748684,6,9.173069677753448,7.696125999169222,8.434597838461336,Z,210.5449357990139
2.4690030449981824,6,10.520561013165771,8.934021220385496,9.727291116775634,D,267.44129186491267
2.3768594735752355,4,8.072482147578778,6.2917470445446675,7.182114596061723,Z,181.74694074483958
2.4445228808397452,4,8.085698170209914,6.234330864229559,7.160014517219737,E,195.96168701459624
2.3626128726934823,8,10.68757576309977,8.833669716078198,9.760622739588985,X,260.93328435519226
4.189016531107551,8,9.902695296859097,7.677585748265568,8.790140522562332,Z,247.84763525750245
4.420504247989855,6,10.065593990823173,8.420435445391451,9.243014718107311,E,259.0057897499175
2.429253706250524,8,8.483009330599861,6.449498464835392,7.4662538977176265,D,221.45764280996525
2.1676444268957713,8,9.539198571588466,7.274550091629961,8.406874331609213,Z,227.93131755027892
3.471415556386404,8,8.151533711463392,6.911808974600992,7.531671343032192,D,237.27871188301816
2.4477769557190285,8,11.780396822249573,9.629106578275993,10.704751700262783,E,288.78795749026455
3.6329318177555106,4,12.070498669447506,10.075109113649805,11.072803891548656,D,286.9745445551115
3.2029230208512995,6,6.307624275523812,4.935292992027655,5.621458633775734,E,169.86183516129773
1.484255885002768,8,8.14097827961518,6.656457660847372,7.398717970231276,E,192.0184937768383
4.547505201330061,4,7.006941489819842,5.671587888840378,6.3392646893301094,E,186.12446974627483
4.7958776730955215,4,8.699952131186203,7.049701815688537,7.87482697343737,Z,227.41772560636983
2.3872113095156138,4,9.833124060419278,8.04598568030421,8.939554870361743,D,228.12107763771456
2.612298440064016,8,7.10070956060294,5.734078008594045,6.4173937845984925,D,172.75514604500552
3.285865390724905,8,8.156280373749373,6.467165578497804,7.311722976123589,X,219.01198141360334
3.334456789987025,6,7.992085255837003,6.214583711628711,7.103334483732857,X,206.99214982775922
3.6585442726728306,8,10.414534658797887,8.61134268498847,9.512938671893178,X,264.06877360143636
5.01020453876635,8,10.138688674072501,7.833427077887192,8.986057875979846,X,282.7359412974192
2.8230527725059504,4,8.556524893325493,7.009808355555255,7.7831666244403745,D,208.11166095637572
2.2017027554615463,6,10.353641744278796,8.006815753498344,9.18022874888857,E,248.72352161319583
1.6206807719854728,8,8.906639830825469,7.236938933032421,8.071789381928944,E,215.48299015493131
2.269069960058081,8,9.456689779347894,7.799006075824122,8.627847927586007,Z,244.6224330773702
2.9668730271262027,4,13.346904180597074,10.302093467267937,11.824498823932505,E,302.5093706951873
4.794557863517788,4,12.680922103580695,9.586705210570896,11.133813657075795,D,303.73878626942036
2.4823887009638286,8,7.400837526144805,5.647559683817697,6.524198604981251,D,184.38644317497597
3.2237879516388985,6,11.65946483575835,9.451158659866035,10.555311747812192,D,270.807353697209
2.983577103927248,6,11.622793108983185,9.70438881541049,10.663590962196837,Z,269.65594322871124
4.188393273448084,4,7.703473422494763,5.812268248519457,6.75787083550711,X,201.93389479538632
5.526932425873621,4,11.637555287509722,9.582539052281495,10.610047169895608,E,294.33380320679373
2.4691312270796795,8,13.075863836825105,10.253201491560068,11.664532664192587,D,289.59303881439115
2.510560557481778,4,7.754910387511172,6.187277253294148,6.97109382040266,D,185.20586712204036
4.044160877069072,8,8.164994357971473,6.882159066862301,7.523576712416887,X,210.7138696974671
3.6818914896263113,6,12.035322933687006,9.426030626693045,10.730676780190025,D,295.85190055808255
4.846707325736034,6,10.542990621651295,8.397847259281669,9.470418940466482,E,262.751709659923
3.5839281853259637,8,11.102952550479046,8.342405933045665,9.722679241762355,Z,270.85150608695176
2.6407079092129404,4,10.681178432800994,8.098040873426731,9.389609653113862,D,231.10277501452603
3.5906548306923094,6,10.781391841856289,8.364841608495535,9.573116725175911,E,268.8291585605754
4.108703580582908,4,7.347055743377834,5.530755004122417,6.438905373750126,D,161.4900788668578
3.820482181197364,6,12.094635413242896,9.834601997679268,10.964618705461081,X,287.3310924979362
3.507274031107298,8,12.339179984855548,9.780525595623848,11.059852790239699,D,295.21160854089
4.066674689589154,8,9.541218511863944,7.6789111994437595,8.610064855653851,D,248.33168013305175
4.169295590445673,8,9.913046100372275,7.607913135788267,8.760479618080272,Z,274.16481372241844
4.382158991037527,6,6.937784994888556,5.408650025499645,6.1732175101941005,X,188.41264552569956
3.648709887589643,4,11.02850951203567,9.00348158755029,10.01599554979298,X,264.5249716441126
2.8328819196831456,4,11.144114883428289,9.433830607513556,10.288972745470922,Z,257.6708019933107
3.1467136864333227,4,9.875617966001379,7.456503154018414,8.666060560009896,D,237.4035405898863
4.206508966508357,6,12.248706719741005,10.277135681206946,11.262921200473976,E,290.651622826788
2.183064329012764,6,9.331845538040119,7.537220779973611,8.434533159006865,X,213.19161747902731
3.3686733088729013,6,11.1292118517872,8.97450692141954,10.05185938660337,X,275.6846198955704
2.606661187672639,6,7.960671322615768,6.36875879081669,7.164715056716229,D,203.6141260943521
3.0287448229348173,6,9.952895698251524,7.533738983596627,8.743317340924076,D,219.70442158106212
4.278451862607299,4,9.651291484194328,7.325211382524486,8.488251433359407,X,227.15649714862843
3.1910990680199034,6,10.450615844081883,8.465951935785398,9.45828388993364,D,254.94049501735245
3.046436548156149,6,9.260946142333284,7.261469503433123,8.261207822883204,E,234.06616415469148
1.6401438590200808,4,9.737054808656664,8.195940050342237,8.966497429499451,X,208.9390806482603
3.746253566027221,6,11.652094342883013,9.212833887185866,10.432464115034438,E,246.96925806279154
3.645484181141075,4,9.126471525523565,6.975619059441187,8.051045292482376,E,222.7079795184286
5.16325472330546,4,6.786845798522641,5.575203000119811,6.181024399321226,D,183.04982832003935
2.692221765046999,8,13.499167808410842,10.520378562628498,12.00977318551967,E,286.9442933796393
3.219150327663939,8,12.762908157380974,10.242834045257132,11.502871101319052,D,273.92566605317904
3.2493836837107555,8,7.415474609788763,6.0790820876207485,6.747278348704755,Z,215.57921241318007
4.577453279763475,8,11.379415610490389,9.5590096559255,10.469212633207945,D,296.4449599658433
2.904704467613048,6,8.994050458897314,7.458038602087028,8.226044530492171,E,221.31137147885138
3.2790215257703395,8,10.526974430662118,8.607234389735737,9.567104410198928,Z,278.02254709130955
3.6078965097165394,4,10.588448258026988,8.66096227214316,9.624705265085073,D,254.94631722909756
3.1866091231563582,6,9.531184399367357,8.049966520543093,8.790575459955225,E,253.84060085788724
2.553566385449472,8,8.432468668827207,6.573804244982768,7.503136456904988,X,201.67103827092453
3.1940899928983075,4,8.618917895367481,6.465146926382496,7.542032410874988,X,202.4360419069432
4.073631749859772,6,8.167616169037515,6.347834172436556,7.257725170737036,D,199.72368716385827
1.9734847005889398,6,8.33635558353911,6.433908689569977,7.385132136554543,D,195.1436664184256
3.132969674146876,8,9.86564341990129,8.052174966895269,8.958909193398279,X,248.02172207176756
2.299879185060827,6,8.568480021778496,6.969354534549894,7.768917278164196,E,214.64327378652288
4.1950466289248425,4,11.36410413142524,9.197493793672539,10.28079896254889,E,268.02208435164516
1.4768130952162253,6,12.974492310671854,9.75194427590588,11.363218293288867,E,278.26656820073873
2.4410781527284118,4,8.839893517259913,7.274152177850891,8.057022847555402,D,212.5856398097811
3.377211875064521,6,10.478809001070754,8.198128090650375,9.338468545860565,Z,272.0907764416879
4.56552402923434,8,10.999370220605869,8.981047369505914,9.990208795055892,Z,282.3064496406
2.9342497389270124,4,10.944004541838549,8.817123091320605,9.880563816579578,Z,237.5435467141979
2.4448004733068016,6,10.151910535832174,7.961870271154839,9.056890403493506,Z,238.04664895610222
4.88115706944059,6,11.485364836719445,8.76858938014503,10.126977108432238,Z,273.32831259165516
1.551986099583756,6,10.964497905361315,8.326899009583473,9.645698457472394,D,253.25343782965078
1.0,4,7.524675155345404,6.26919690074743,6.896936028046417,D,165.106540171476
3.4400144500533325,4,11.738312128778546,9.881777797309546,10.810044963044046,Z,264.94528008267434
2.4979457756473886,4,11.774581674533485,9.596034498676296,10.685308086604891,D,253.97246227706054
1.9787671828692868,8,8.473427791642838,6.442714994078408,7.458071392860623,D,216.13327392062175
3.7083564472993533,8,10.075875670895204,7.961984378539597,9.0189300247174,Z,255.8846951350267
3.243800713771199,4,11.366657985622139,9.353553747207433,10.360105866414786,E,253.22345626470388
2.4359213692632715,6,9.581372360841277,7.933204697077045,8.757288528959162,D,246.15850344805128
1.7196956013291056,8,12.145956095532023,9.253054891251201,10.699505493391612,E,262.6253674745058
3.8724573282801447,4,14.727744989238722,11.045853983861157,12.88679948654994,D,316.81622375413014
3.650201177958661,6,8.428027934730036,6.921212042651313,7.674619988690674,D,226.5174730695024
2.900824136220617,8,7.23791079369245,5.686534226385339,6.462222510038894,Z,181.93934045881335
4.846636996047666,6,10.60763719120975,8.225672457181558,9.416654824195653,D,271.60207145844896
1.9299152336738474,6,11.443125010252286,8.597102493600964,10.020113751926626,X,239.15035062046653
1.4744748290752612,6,9.538267252310462,7.669052453028445,8.603659852669454,X,225.04577315248167
2.3080919301187555,6,12.906521326642068,10.778430506877802,11.842475916759934,Z,280.3039275171965
2.954413983644502,8,7.322788400553502,6.193344691547913,6.758066546050708,E,211.63316107594778
3.2433394493226917,8,11.385837246063222,9.183525927593916,10.284681586828569,E,289.1853568927454
2.7587639421436703,8,8.788278358482213,7.0433317041469135,7.915805031314563,E,234.51810530405604
3.352055396514297,4,13.438755812414593,10.193372058798596,11.816063935606595,X,292.3549991596559
1.748460575809556,8,13.985030706336236,11.256373328096782,12.620702017216509,E,307.58563667312876
4.44376460407326,6,8.466686824433305,6.67173150446864,7.569209164450973,E,220.05763356640364
2.917848821607431,8,8.900885728182839,7.2160684718064205,8.05847709999463,Z,245.05837712413793
4.117295831588128,6,11.719175773959604,9.244937070343164,10.482056422151384,E,273.81913455723253
3.342725346377704,4,9.22573870042097,7.140997717605057,8.183368209013015,X,206.72395690833736
3.456753219153784,6,9.909177564135524,7.525985950568142,8.717581757351834,X,245.57285668890285
3.569767280232204,6,10.05077684108482,7.854600131784068,8.952688486434443,X,236.79007449914593
3.4477085600173147,6,6.160653687604688,4.6800298011777945,5.420341744391241,Z,163.3832855133367
3.642722759867544,4,9.972324507811525,7.655650760664558,8.81398763423804,Z,218.2709376617386
4.329152530132431,8,8.620544451871652,7.316545863301256,7.968545157586454,D,237.8333300584482
3.19652116970147,8,9.013754355200456,7.160619803423047,8.087187079311752,E,232.88180304428482
3.7090037575885124,4,12.887264006937627,10.350885192481863,11.619074599709744,Z,291.902446846687
2.910264305712773,6,7.486986211441487,6.269316646452649,6.878151428947068,X,206.1787340790639
4.440117215449472,8,11.626410373495954,9.877297039341455,10.751853706418704,X,304.7072255195267
2.32360769794073,4,9.442074139336382,7.631758907779792,8.536916523558087,Z,212.06568525503727
4.800940432910815,8,9.44047966300833,7.847374005685666,8.643926834346999,Z,258.9059842522509
2.9598420493556565,4,11.580743792103423,9.064179867874657,10.32246182998904,Z,261.1492317824892
1.5692248978819519,6,10.68010258913778,8.33661462500794,9.50835860707286,D,248.58512274956246
3.1281044149107893,8,11.141225994439061,8.804580812269489,9.972903403354275,X,272.00225421102533
2.318948342525119,4,11.936369321065722,9.755006496636456,10.84568790885109,D,255.4119330601689
3.840643548988724,8,9.337383233633355,7.640025949362474,8.488704591497914,D,238.25186730899006
2.347376020697609,8,8.7755265309845,6.858284100476256,7.816905315730378,E,205.3598138774614
2.5538165667852204,8,7.829698946884404,5.976573570436015,6.90313625866021,X,210.26358756149165
1.110459269054469,8,8.34917894004209,6.789883155655896,7.569531047848994,X,208.27499888392015
2.5476936807509234,4,15.898188850617451,12.127656517112616,14.012922683865034,Z,331.5090257358765
1.0,6,12.489359161473573,10.08951944185496,11.289439301664267,Z,264.50219156976476
1.4160971765142767,4,7.297851267583957,5.979437606308618,6.638644436946288,E,181.00320796298604
3.7604146561442975,4,7.35508408651286,6.031618711680524,6.6933513990966915,D,186.62998959752863
3.785800158650832,4,10.963732123436984,9.048885730952986,10.006308927194985,Z,267.5368725024801
3.425457561784965,6,11.094529594755933,9.28929366452913,10.191911629642531,Z,267.7053792608049
2.033023856870787,8,11.09776767063473,8.878168626743042,9.987968148688886,X,254.0060938956922
2.95228864385802,8,9.490088412892604,7.810579246877332,8.650333829884968,X,248.45486610945719
2.9963974609094315,8,9.749091479994199,7.915455773895626,8.832273626944913,Z,250.7058083348325
1.8416353108074572,6,10.655759048318714,8.190698308966716,9.423228678642715,X,240.45065427359816
4.503398301767151,8,10.171786012586661,7.654970466475092,8.913378239530877,E,264.11433202885104
3.8773622905756713,6,5.56139925450493,4.329294265896648,4.945346760200788,Z,167.30162729260417
2.779035826170336,8,9.540400738849613,7.57797246406508,8.559186601457347,X,262.8578102195547
3.026885838994531,8,8.297187131479372,6.734914698696817,7.516050915088094,E,232.43244314366893
3.2083828079475527,4,10.350422837817025,8.642560974928372,9.496491906372698,X,249.24193515678462
1.0,6,15.97051800520682,12.291303079115169,14.130910542160994,X,323.73620242525374
2.7528226174794033,4,10.73496333094861,8.185999737288302,9.460481534118456,X,246.80942886312985
2.3180157520022013,4,9.372940627655204,7.932769505102725,8.652855066378965,Z,221.41720661151584
1.9983799901050845,4,11.843603003954504,9.010665939765014,10.427134471859759,D,248.78853686598637
2.718899707114045,6,10.965375774418426,8.748715269656712,9.85704552203757,X,251.29426425923268
4.797686526849523,6,10.840188980903683,8.764903883725964,9.802546432314823,E,273.2186205381648
3.64084286126701,8,11.213701186431342,9.017356988426839,10.11552908742909,Z,247.01475300247134
2.428821010217203,4,14.113087129659082,10.706233280060156,12.40966020485962,Z,294.58742259234083
3.5725827813561586,8,7.738223129348169,5.847796045504943,6.793009587426556,E,206.7012587609891
